station_id,monthly_temp,monthly_precipitations,monthly_wind_speed,monthly_humidity
PR-00001,13.3,70.7,11.3,53.5
PR-00002,20.3,56.3,12.2,64.3
PR-00003,18.0,57.7,12.2,63.7
PR-00004,18.9,57.6,12.1,60.9
PR-00005,19.7,55.6,12.5,62.5
PR-00006,19.5,49.2,12.2,63.4
PR-00007,12.8,75.6,10.4,52.3
PR-00008,15.1,58.3,12.2,56.9
PR-00009,18.4,54.8,11.2,61.1
PR-00010,19.5,54.4,12.4,61.9
PR-00011,19.2,56.5,12.1,64.7
PR-00012,11.2,72.2,10.2,53.4
PR-00013,14.5,76.0,11.1,55.5
PR-00014,15.4,65.6,11.9,57.6
PR-00015,14.0,73.2,11.0,54.8
PR-00016,20.0,52.3,11.7,64.7
PR-00017,18.5,60.4,12.4,60.9
PR-00018,16.5,68.9,11.5,57.4
PR-00019,20.1,51.2,12.7,64.4
PR-00020,18.5,61.2,11.9,60.3
PR-00021,13.8,69.8,11.6,56.6
PR-00022,18.3,59.9,13.1,62.3
PR-00023,16.1,61.0,11.8,57.8
PR-00024,17.1,60.6,11.2,58.3
PR-00025,19.6,51.8,11.6,60.7
PR-00026,17.2,55.7,11.7,58.8
PR-00027,15.6,64.4,11.2,57.0
PR-00028,18.3,59.1,11.7,62.2
PR-00029,14.1,63.4,11.2,55.1
PR-00030,15.6,70.7,11.7,56.4
PR-00031,15.6,72.1,11.5,56.3
PR-00032,20.8,51.1,12.7,64.6
PR-00033,14.2,65.5,10.6,55.8
PR-00034,19.1,59.5,12.2,63.3
PR-00035,19.3,59.0,12.3,61.2
PR-00036,19.2,54.9,12.0,62.1
PR-00037,16.7,64.5,12.0,59.8
PR-00038,18.4,56.2,12.2,63.2
PR-00039,20.6,50.1,13.2,65.2
PR-00040,13.7,72.9,10.9,56.4
PR-00041,15.4,62.0,11.9,53.2
PR-00042,21.4,52.7,12.6,65.0
PR-00043,18.1,56.7,11.9,60.7
PR-00044,13.8,73.3,11.4,54.9
PR-00045,16.5,60.9,11.9,59.6
PR-00046,14.5,64.8,11.6,59.6
PR-00047,17.4,59.8,12.8,60.1
PR-00048,19.8,50.4,13.0,63.9
PR-00049,19.0,57.5,12.2,61.4
PR-00050,18.4,54.3,11.6,61.2
PR-00051,15.8,62.3,10.8,57.0
PR-00052,18.4,60.0,11.3,61.6
PR-00053,11.5,77.0,11.1,51.5
PR-00054,15.4,60.8,11.7,56.0
PR-00055,19.7,55.2,11.0,62.8
PR-00056,18.4,52.9,12.2,61.3
PR-00057,14.7,73.3,11.2,58.3
PR-00058,19.9,52.1,12.8,63.7
PR-00059,18.6,57.8,12.6,61.9
PR-00060,20.1,52.8,13.8,62.6
PR-00061,15.0,67.5,11.4,56.6
PR-00062,21.7,43.2,13.4,64.6
PR-00063,15.5,64.8,11.6,56.9
PR-00064,19.3,57.1,13.0,62.8
PR-00065,11.8,73.6,9.9,53.7
PR-00066,14.3,65.4,11.3,57.3
PR-00067,20.8,57.4,12.6,65.8
PR-00068,16.0,66.5,12.0,57.4
PR-00069,21.4,48.3,13.0,63.0
PR-00070,17.3,61.2,11.7,60.0
PR-00071,15.6,64.7,12.3,59.3
PR-00072,17.7,52.5,12.1,62.9
PR-00073,20.9,52.6,12.8,64.6
PR-00074,17.5,62.1,12.0,61.2
PR-00075,18.7,64.1,12.2,60.5
PR-00076,18.2,64.1,12.3,58.7
PR-00077,16.4,58.3,11.8,59.2
PR-00078,16.5,59.9,11.6,58.9
PR-00079,18.8,55.2,12.3,61.4
PR-00080,12.7,69.9,10.6,55.4
PR-00081,16.0,66.6,11.6,56.4
PR-00082,14.5,60.6,12.4,58.9
PR-00083,15.9,64.5,11.7,56.5
PR-00084,14.8,68.7,11.4,56.0
PR-00085,17.2,60.7,12.5,57.2
PR-00086,16.4,71.2,11.7,57.8
PR-00087,18.3,58.4,12.4,62.2
PR-00088,18.9,58.7,12.7,61.7
PR-00089,17.0,62.4,11.9,58.0
PR-00090,16.9,62.0,12.1,59.1
PR-00091,19.1,55.9,12.3,61.6
PR-00092,15.9,64.3,11.9,58.0
PR-00093,19.0,50.0,12.1,59.4
PR-00094,13.2,76.1,10.7,54.3
PR-00095,17.7,51.1,12.8,62.6
PR-00096,14.4,62.9,11.6,56.3
PR-00097,20.2,53.1,12.9,66.0
PR-00098,20.4,57.8,13.1,63.4
PR-00099,21.0,50.2,12.6,64.6
PR-00100,17.5,56.0,12.0,59.7
PR-00101,16.6,65.8,10.6,55.4
PR-00102,14.5,65.1,10.8,54.2
PR-00103,17.0,57.9,11.7,57.5
PR-00104,12.7,73.9,10.5,54.1
PR-00105,17.3,55.7,12.0,59.1
PR-00106,17.2,63.0,11.8,59.4
PR-00107,18.2,58.8,12.1,61.4
PR-00108,20.6,50.1,12.5,65.3
PR-00109,17.2,58.7,12.2,60.5
PR-00110,18.3,60.2,11.9,61.8
PR-00111,17.6,53.6,12.0,60.7
PR-00112,18.4,57.1,12.5,62.0
PR-00113,17.5,64.4,11.7,60.0
PR-00114,18.0,59.7,12.1,60.9
PR-00115,11.6,75.5,10.1,54.3
PR-00116,17.2,59.2,12.0,59.6
PR-00117,16.5,57.9,11.5,59.5
PR-00118,18.0,59.3,12.2,62.8
PR-00119,18.9,51.5,12.2,63.3
PR-00120,14.5,62.3,12.0,54.9
PR-00121,15.3,63.8,11.3,56.5
PR-00122,20.2,52.7,13.2,63.3
PR-00123,16.3,65.9,11.6,56.7
PR-00124,19.4,55.9,12.2,60.8
PR-00125,18.9,53.8,13.0,62.9
PR-00126,17.3,64.5,12.3,57.1
PR-00127,16.3,63.0,11.7,59.6
PR-00128,15.6,65.1,11.6,56.2
PR-00129,17.5,58.6,12.8,60.7
PR-00130,18.9,54.4,12.5,62.1
PR-00131,21.0,52.1,13.0,65.1
PR-00132,14.7,64.3,10.7,57.6
PR-00133,16.4,58.9,11.9,58.3
PR-00134,16.3,61.8,11.8,54.6
PR-00135,15.0,70.7,11.0,56.0
PR-00136,10.7,78.7,9.9,49.8
PR-00137,17.3,62.3,11.3,57.6
PR-00138,13.3,70.6,11.0,54.5
PR-00139,12.7,73.9,9.9,51.8
PR-00140,16.4,68.5,11.0,58.7
PR-00141,15.9,68.6,11.4,58.8
PR-00142,16.1,63.1,12.1,56.0
PR-00143,18.6,61.3,11.7,58.8
PR-00144,17.1,64.4,11.8,56.6
PR-00145,20.3,54.7,13.2,64.2
PR-00146,17.2,66.1,12.3,58.5
PR-00147,17.3,69.4,11.9,59.6
PR-00148,18.8,57.9,11.7,59.8
PR-00149,19.8,49.1,12.9,64.6
PR-00150,15.7,66.8,11.8,58.7
PR-00151,16.2,61.6,12.4,59.3
PR-00152,15.7,64.3,11.4,58.3
PR-00153,21.7,56.0,12.7,64.8
PR-00154,19.3,55.3,13.3,60.8
PR-00155,18.2,57.7,12.7,61.3
PR-00156,15.7,60.1,11.8,60.8
PR-00157,13.4,70.0,11.0,55.4
PR-00158,19.1,57.9,12.6,63.4
PR-00159,14.7,68.8,11.4,59.1
PR-00160,13.2,66.7,11.1,55.8
PR-00161,17.0,63.7,12.0,60.5
PR-00162,15.8,66.5,11.1,59.3
PR-00163,18.9,58.9,11.8,61.9
PR-00164,21.3,50.2,13.0,65.7
PR-00165,18.4,61.8,12.5,58.2
PR-00166,13.9,68.0,11.1,56.0
PR-00167,16.6,67.2,11.7,58.0
PR-00168,19.1,56.6,12.1,61.8
PR-00169,18.1,58.7,11.9,59.7
PR-00170,15.0,67.0,11.4,58.2
PR-00171,14.4,67.6,11.2,53.7
PR-00172,17.2,58.8,11.8,60.3
PR-00173,16.0,61.5,11.8,57.8
PR-00174,12.5,74.6,10.2,50.4
PR-00175,17.3,62.3,11.5,60.6
PR-00176,19.4,57.3,12.2,61.5
PR-00177,16.1,63.1,11.9,58.0
PR-00178,13.6,69.4,11.1,56.1
PR-00179,16.6,61.4,12.0,58.8
PR-00180,14.0,72.3,11.7,55.5
PR-00181,18.1,60.5,11.4,58.8
PR-00182,15.3,58.5,11.0,59.5
PR-00183,14.9,67.3,12.1,59.4
PR-00184,16.1,69.4,11.4,58.3
PR-00185,15.1,67.7,11.3,57.7
PR-00186,17.9,59.7,12.3,61.1
PR-00187,18.2,55.9,12.2,58.7
PR-00188,17.6,55.2,11.8,60.3
PR-00189,16.1,62.3,12.3,58.5
PR-00190,17.7,58.6,11.4,59.1
PR-00191,18.4,63.1,12.1,59.7
PR-00192,16.6,65.6,12.2,60.0
PR-00193,16.5,66.1,11.4,59.1
PR-00194,15.4,61.5,11.1,57.3
PR-00195,12.4,69.6,11.9,53.7
PR-00196,14.9,59.3,11.4,59.6
PR-00197,16.1,59.5,11.7,58.2
PR-00198,17.1,64.6,12.0,59.0
PR-00199,19.5,48.6,13.0,64.9
PR-00200,14.3,68.5,11.7,58.1
PR-00201,19.6,59.2,12.0,62.6
PR-00202,17.3,64.8,11.7,58.5
PR-00203,14.8,69.0,11.4,58.1
PR-00204,18.4,55.4,12.5,63.3
PR-00205,16.1,63.8,11.8,56.6
PR-00206,15.9,67.3,11.1,58.0
PR-00207,16.2,60.2,11.9,60.3
PR-00208,17.2,61.5,11.4,60.9
PR-00209,15.9,61.8,11.5,59.6
PR-00210,16.6,59.3,12.3,60.2
PR-00211,13.7,67.3,10.7,54.3
PR-00212,16.1,63.6,11.1,57.4
PR-00213,17.7,54.0,12.3,64.8
PR-00214,17.3,61.7,11.6,59.1
PR-00215,16.8,58.7,12.2,59.6
PR-00216,17.7,58.3,12.6,60.4
PR-00217,14.0,73.4,10.1,55.3
PR-00218,16.4,60.8,10.9,59.3
PR-00219,18.7,58.9,12.1,61.6
PR-00220,18.8,56.4,11.6,61.8
PR-00221,16.8,67.8,12.8,61.7
PR-00222,14.6,64.5,10.6,56.3
PR-00223,16.4,60.2,12.5,57.7
PR-00224,16.9,62.4,12.0,58.6
PR-00225,16.2,73.6,11.7,55.9
PR-00226,20.3,57.1,12.0,61.6
PR-00227,21.6,49.4,12.6,66.8
PR-00228,18.1,61.5,12.4,60.2
PR-00229,18.3,51.9,12.9,62.3
PR-00230,15.7,67.8,12.1,58.2
PR-00231,18.4,57.1,13.1,61.9
PR-00232,18.3,62.6,12.5,61.0
PR-00233,18.8,58.0,13.2,60.3
PR-00234,18.9,52.0,12.6,61.3
PR-00235,25.3,40.3,13.9,71.0
PR-00236,20.8,50.1,11.8,64.1
PR-00237,18.2,54.8,12.0,63.4
PR-00238,14.9,72.1,11.8,56.9
PR-00239,18.3,59.4,11.8,60.6
PR-00240,17.2,59.8,12.1,58.3
PR-00241,15.1,67.6,11.6,56.7
PR-00242,19.2,53.4,12.6,62.2
PR-00243,18.9,56.9,12.5,59.8
PR-00244,12.9,77.6,11.1,51.9
PR-00245,17.4,56.5,11.7,58.3
PR-00246,18.6,55.9,11.7,62.4
PR-00247,16.9,61.4,11.4,59.6
PR-00248,18.4,52.7,12.6,65.0
PR-00249,16.1,61.3,12.0,58.9
PR-00250,18.0,62.3,11.0,62.6
PR-00251,15.0,60.5,11.7,55.7
PR-00252,16.1,66.7,11.7,58.0
PR-00253,17.7,62.3,11.7,58.9
PR-00254,16.4,65.9,11.8,59.1
PR-00255,17.3,58.0,11.0,59.9
PR-00256,16.7,60.1,12.0,56.8
PR-00257,19.3,55.6,12.6,62.1
PR-00258,18.0,60.5,12.5,60.3
PR-00259,17.4,58.5,12.3,59.5
PR-00260,19.0,54.5,12.9,62.4
PR-00261,16.8,56.8,12.2,58.1
PR-00262,19.6,59.8,11.5,62.0
PR-00263,15.6,63.9,11.6,58.1
PR-00264,16.9,62.3,11.6,58.9
PR-00265,18.9,56.1,12.6,61.0
PR-00266,18.9,54.8,12.7,64.3
PR-00267,18.6,51.7,12.4,60.8
PR-00268,16.6,70.0,11.2,59.3
PR-00269,16.8,58.4,12.4,59.8
PR-00270,16.4,63.0,11.6,57.4
PR-00271,13.8,67.2,11.0,55.4
PR-00272,19.5,56.6,12.6,62.0
PR-00273,20.1,56.7,12.2,63.6
PR-00274,17.6,61.9,11.9,59.2
PR-00275,21.2,50.2,13.8,63.8
PR-00276,19.1,52.5,12.6,65.1
PR-00277,18.4,54.9,12.7,60.3
PR-00278,18.0,57.0,12.2,62.0
PR-00279,16.1,55.1,11.7,60.0
PR-00280,15.2,67.3,11.5,55.9
PR-00281,17.2,61.4,11.7,60.9
PR-00282,16.7,56.2,11.9,59.5
PR-00283,17.3,64.4,11.9,59.8
PR-00284,13.3,68.3,10.9,55.1
PR-00285,20.7,53.9,12.6,64.9
PR-00286,19.0,53.5,12.1,63.5
PR-00287,16.9,61.3,11.3,60.2
PR-00288,19.6,56.6,12.3,62.1
PR-00289,15.6,60.5,11.5,58.3
PR-00290,13.4,65.0,10.2,54.7
PR-00291,13.7,70.5,11.0,54.0
PR-00292,18.5,56.4,11.8,61.5
PR-00293,18.1,57.7,12.6,60.7
PR-00294,15.7,66.8,11.2,57.3
PR-00295,16.4,55.8,12.1,61.1
PR-00296,19.3,67.1,12.5,61.7
PR-00297,19.1,53.4,12.5,63.4
PR-00298,16.6,61.7,12.5,59.1
PR-00299,18.4,52.7,11.6,60.9
PR-00300,20.6,51.5,13.3,65.7
PR-00301,15.5,66.7,11.6,55.3
PR-00302,18.2,58.9,11.8,60.4
PR-00303,17.5,62.5,12.4,59.8
PR-00304,17.1,53.9,12.3,61.9
PR-00305,15.8,70.8,12.0,56.7
PR-00306,17.0,58.2,11.6,58.1
PR-00307,17.3,55.7,12.4,60.4
PR-00308,16.6,69.5,11.6,58.2
PR-00309,15.1,67.0,11.5,56.0
PR-00310,18.8,51.9,12.2,63.2
PR-00311,13.0,69.0,11.4,55.3
PR-00312,18.7,59.7,12.5,61.5
PR-00313,17.4,63.4,11.7,59.9
PR-00314,17.9,64.0,12.6,60.5
PR-00315,14.3,66.7,11.0,53.7
PR-00316,18.2,58.0,12.8,59.1
PR-00317,15.1,63.0,12.3,59.2
PR-00318,14.4,69.2,11.0,56.5
PR-00319,15.8,71.0,11.2,57.2
PR-00320,19.5,56.1,12.7,62.8
PR-00321,17.6,58.6,11.8,60.3
PR-00322,15.4,62.6,11.3,56.3
PR-00323,18.1,55.1,11.9,59.4
PR-00324,18.5,63.3,11.7,60.6
PR-00325,15.4,61.4,11.2,58.5
PR-00326,17.1,55.8,12.5,59.0
PR-00327,16.8,60.6,11.8,57.2
PR-00328,16.9,68.2,11.6,57.2
PR-00329,16.3,60.5,11.5,57.6
PR-00330,12.1,66.9,11.1,53.1
PR-00331,16.1,68.4,10.9,56.1
PR-00332,15.2,65.2,10.8,55.5
PR-00333,17.5,61.3,12.5,61.1
PR-00334,16.9,64.4,11.8,58.2
PR-00335,17.1,60.1,11.2,58.1
PR-00336,16.7,63.0,12.2,58.0
PR-00337,17.7,63.7,11.5,59.0
PR-00338,17.0,62.8,11.2,59.9
PR-00339,13.3,65.1,11.9,53.7
PR-00340,15.0,71.2,11.4,57.2
PR-00341,14.9,67.8,11.3,56.6
PR-00342,19.8,52.1,12.9,62.3
PR-00343,21.9,50.1,12.9,66.1
PR-00344,19.7,55.5,12.5,61.7
PR-00345,15.7,61.6,11.1,58.6
PR-00346,20.7,50.9,12.9,63.5
PR-00347,15.3,67.8,10.2,56.3
PR-00348,18.8,54.4,12.9,61.9
PR-00349,18.4,58.9,11.4,60.2
PR-00350,18.0,63.1,12.7,60.1
PR-00351,19.1,55.9,11.8,62.2
PR-00352,16.9,66.1,11.1,58.0
PR-00353,11.2,69.8,10.8,52.0
PR-00354,16.9,61.0,11.5,60.9
PR-00355,16.0,59.1,11.3,57.9
PR-00356,16.3,69.9,11.6,59.5
PR-00357,16.1,62.8,11.2,58.0
PR-00358,19.5,56.4,12.5,61.2
PR-00359,18.7,61.2,11.7,60.3
PR-00360,16.3,59.0,10.9,58.9
PR-00361,22.1,49.6,13.5,64.4
PR-00362,9.9,83.4,10.9,50.7
PR-00363,16.9,57.4,11.6,59.6
PR-00364,20.8,51.3,12.8,62.9
PR-00365,17.9,59.4,12.1,57.7
PR-00366,15.4,71.3,11.8,56.5
PR-00367,19.3,56.6,11.8,65.5
PR-00368,14.7,70.0,11.4,54.1
PR-00369,22.6,50.9,13.0,63.7
PR-00370,19.9,56.4,12.9,64.7
PR-00371,15.4,61.3,11.9,58.3
PR-00372,12.6,68.7,11.0,54.4
PR-00373,19.7,51.8,12.8,62.3
PR-00374,16.7,61.2,11.7,59.6
PR-00375,17.9,62.3,11.6,60.2
PR-00376,21.3,44.7,13.0,65.2
PR-00377,20.8,51.9,12.0,62.8
PR-00378,18.0,64.1,11.8,58.6
PR-00379,16.4,64.8,11.6,57.4
PR-00380,15.5,63.2,10.8,56.5
PR-00381,16.3,61.9,11.4,59.6
PR-00382,15.3,66.4,11.9,54.3
PR-00383,18.8,56.4,12.7,64.1
PR-00384,17.2,61.7,10.8,57.3
PR-00385,17.9,59.1,12.2,60.9
PR-00386,16.9,59.4,11.6,57.9
PR-00387,19.4,52.8,12.8,64.4
PR-00388,17.1,58.9,12.0,59.9
PR-00389,15.4,61.2,11.1,59.4
PR-00390,17.0,59.4,12.2,62.7
PR-00391,19.3,53.2,12.3,62.8
PR-00392,17.4,58.5,11.8,61.1
PR-00393,17.6,61.9,11.5,58.1
PR-00394,14.4,69.4,11.5,55.4
PR-00395,14.0,76.5,10.7,53.8
PR-00396,15.5,67.2,11.3,57.2
PR-00397,15.7,62.2,11.3,58.7
PR-00398,19.2,56.5,12.4,63.3
PR-00399,13.6,67.5,10.7,54.1
PR-00400,15.8,62.8,11.6,57.5
PR-00401,14.7,70.3,11.1,58.6
PR-00402,20.5,47.3,12.8,63.9
PR-00403,20.2,59.4,12.5,61.8
PR-00404,19.3,54.0,13.1,60.2
PR-00405,17.7,61.5,11.8,60.5
PR-00406,13.5,70.4,11.1,55.7
PR-00407,16.4,63.7,11.9,58.1
PR-00408,21.0,53.8,13.1,61.8
PR-00409,20.4,56.1,12.4,60.4
PR-00410,16.4,61.7,11.7,60.5
PR-00411,19.0,59.9,12.5,60.0
PR-00412,18.9,63.4,12.8,59.9
PR-00413,16.0,61.6,10.9,58.8
PR-00414,21.2,52.5,13.4,63.4
PR-00415,15.4,63.3,10.8,56.8
PR-00416,16.7,68.9,11.6,56.1
PR-00417,17.7,57.8,12.4,62.1
PR-00418,18.5,57.6,12.2,59.5
PR-00419,17.8,52.4,12.9,60.2
PR-00420,16.2,62.2,11.4,56.6
PR-00421,19.4,57.9,12.4,61.8
PR-00422,24.0,42.3,13.3,68.0
PR-00423,17.8,63.7,11.9,59.3
PR-00424,18.8,57.6,12.4,59.9
PR-00425,19.5,52.4,11.8,60.9
PR-00426,15.4,62.7,11.9,57.5
PR-00427,21.3,48.8,13.1,64.4
PR-00428,17.6,64.5,11.9,60.5
PR-00429,18.5,58.0,12.3,62.7
PR-00430,16.8,60.1,12.0,58.0
PR-00431,17.1,63.1,12.4,57.0
PR-00432,17.9,52.8,12.2,60.0
PR-00433,18.4,62.4,12.0,60.0
PR-00434,20.3,53.8,12.1,64.3
PR-00435,15.1,68.0,11.1,59.7
PR-00436,16.6,68.6,11.9,59.1
PR-00437,18.5,64.3,12.0,59.2
PR-00438,18.5,54.9,12.5,63.2
PR-00439,18.6,59.6,12.6,63.2
PR-00440,17.6,60.8,11.6,59.3
PR-00441,19.7,60.7,13.1,62.0
PR-00442,15.5,66.0,11.6,58.0
PR-00443,17.6,62.1,12.4,61.8
PR-00444,19.8,47.8,13.3,64.2
PR-00445,14.4,66.8,11.6,55.4
PR-00446,20.5,62.7,12.5,63.2
PR-00447,16.0,71.0,12.0,57.9
PR-00448,14.7,62.4,11.5,55.6
PR-00449,20.4,56.0,12.5,62.9
PR-00450,16.1,68.1,11.9,58.7
PR-00451,15.7,72.0,11.6,57.5
PR-00452,18.3,55.8,11.9,60.2
PR-00453,16.2,65.4,12.2,57.8
PR-00454,17.0,61.6,11.9,59.2
PR-00455,17.5,54.9,11.9,61.8
PR-00456,17.8,62.5,11.3,60.2
PR-00457,17.4,59.9,12.0,58.0
PR-00458,16.5,60.4,11.4,58.8
PR-00459,17.2,64.8,11.4,57.6
PR-00460,19.4,49.9,13.2,62.2
PR-00461,17.1,67.9,11.6,57.3
PR-00462,18.8,56.1,12.4,63.2
PR-00463,18.9,57.4,12.1,62.8
PR-00464,16.7,59.4,11.5,59.1
PR-00465,19.7,59.0,12.2,60.8
PR-00466,17.9,58.8,12.1,59.0
PR-00467,19.5,54.5,12.9,65.3
PR-00468,17.5,56.4,12.8,59.3
PR-00469,16.5,60.0,11.7,58.1
PR-00470,16.8,63.4,11.8,60.7
PR-00471,19.7,51.5,12.9,62.5
PR-00472,18.1,63.4,12.7,59.6
PR-00473,17.8,62.0,12.5,61.3
PR-00474,17.9,59.6,12.3,58.3
PR-00475,15.5,63.8,11.7,59.3
PR-00476,21.2,45.6,13.0,66.3
PR-00477,12.5,73.8,10.5,54.6
PR-00478,19.6,53.9,12.6,63.4
PR-00479,13.4,63.9,11.2,55.7
PR-00480,19.2,52.8,13.0,61.8
PR-00481,16.2,68.1,11.1,59.1
PR-00482,19.9,52.1,12.7,62.1
PR-00483,19.8,52.8,13.0,65.0
PR-00484,15.8,60.6,11.9,58.4
PR-00485,16.1,54.9,12.4,60.1
PR-00486,17.7,54.0,11.7,59.7
PR-00487,15.1,68.2,11.3,58.3
PR-00488,14.0,71.7,11.1,57.5
PR-00489,15.5,64.7,12.0,55.5
PR-00490,18.5,53.3,12.3,61.6
PR-00491,20.9,61.9,12.9,63.6
PR-00492,16.5,62.3,11.6,58.5
PR-00493,14.6,73.4,11.7,56.8
PR-00494,18.4,54.2,11.9,59.9
PR-00495,16.8,63.8,11.2,58.2
PR-00496,22.0,43.7,13.2,68.9
PR-00497,14.4,69.3,11.4,56.9
PR-00498,18.7,59.6,12.2,59.8
PR-00499,19.9,54.7,13.1,63.2
PR-00500,15.2,65.0,10.9,55.9
PR-00501,16.3,62.1,12.0,58.0
PR-00502,16.3,65.4,11.4,59.2
PR-00503,15.6,65.0,11.3,60.9
PR-00504,17.0,60.7,12.2,61.7
PR-00505,19.9,55.8,13.1,64.3
PR-00506,16.6,64.7,11.8,59.8
PR-00507,17.2,65.5,12.3,58.4
PR-00508,12.0,74.3,10.6,53.5
PR-00509,18.1,59.9,12.0,59.9
PR-00510,15.8,64.9,12.4,59.3
PR-00511,16.5,63.4,11.6,57.2
PR-00512,15.5,61.0,11.5,59.3
PR-00513,14.7,64.3,11.4,56.1
PR-00514,22.6,46.5,13.6,67.8
PR-00515,14.1,71.2,10.9,56.5
PR-00516,19.4,57.3,11.8,61.3
PR-00517,16.8,61.8,11.2,60.2
PR-00518,16.2,58.9,11.6,57.9
PR-00519,17.5,55.7,12.3,62.3
PR-00520,17.1,60.6,12.6,61.5
PR-00521,17.8,61.1,11.9,59.3
PR-00522,15.6,68.8,11.4,57.6
PR-00523,18.2,60.1,12.2,61.7
PR-00524,15.5,74.9,10.9,55.8
PR-00525,16.9,62.2,12.5,59.2
PR-00526,17.0,64.9,11.8,56.8
PR-00527,17.1,57.1,11.8,60.8
PR-00528,17.8,60.6,12.1,60.2
PR-00529,16.8,69.6,11.4,56.7
PR-00530,16.2,63.6,12.1,61.0
PR-00531,17.5,58.7,12.5,60.5
PR-00532,14.9,65.4,11.3,56.5
PR-00533,18.2,52.1,12.4,59.1
PR-00534,15.5,63.5,11.0,57.5
PR-00535,18.0,56.7,12.5,60.4
PR-00536,17.3,60.2,11.7,59.7
PR-00537,20.2,55.5,12.3,61.7
PR-00538,18.4,57.1,13.0,62.1
PR-00539,16.1,61.9,11.8,59.7
PR-00540,22.4,44.0,12.8,66.8
PR-00541,19.3,50.7,11.8,61.7
PR-00542,17.9,58.2,11.6,59.9
PR-00543,17.2,63.4,11.9,59.1
PR-00544,16.4,57.9,11.1,57.7
PR-00545,14.9,65.8,11.2,56.6
PR-00546,19.5,51.2,13.1,62.2
PR-00547,18.2,53.7,13.1,61.5
PR-00548,13.6,65.9,10.7,54.7
PR-00549,18.0,58.6,12.5,59.9
PR-00550,19.7,54.6,13.2,62.7
PR-00551,19.0,58.6,11.7,61.0
PR-00552,19.7,53.5,12.4,60.2
PR-00553,16.9,63.9,12.0,58.1
PR-00554,16.6,64.0,11.8,59.4
PR-00555,18.9,56.3,12.7,63.1
PR-00556,16.0,57.5,11.9,61.7
PR-00557,19.5,57.5,12.5,64.2
PR-00558,17.4,64.2,11.8,60.9
PR-00559,20.1,50.6,12.7,61.4
PR-00560,19.0,60.2,11.7,60.2
PR-00561,18.9,52.4,11.7,63.6
PR-00562,15.9,68.1,12.0,59.3
PR-00563,12.9,71.8,10.7,53.4
PR-00564,18.3,51.1,13.3,60.0
PR-00565,18.0,56.5,12.8,60.6
PR-00566,17.9,54.7,12.2,58.9
PR-00567,19.2,51.7,12.3,63.0
PR-00568,15.8,65.0,11.5,58.5
PR-00569,12.3,76.1,10.8,55.0
PR-00570,17.5,57.8,12.0,60.6
PR-00571,17.5,60.1,11.9,59.5
PR-00572,16.4,63.8,12.7,60.2
PR-00573,19.5,62.8,12.5,59.6
PR-00574,15.9,63.1,12.3,58.2
PR-00575,18.9,56.1,11.3,62.6
PR-00576,14.1,62.3,11.8,55.9
PR-00577,18.3,61.0,11.7,58.8
PR-00578,16.7,62.2,12.2,58.4
PR-00579,18.1,59.6,12.2,62.0
PR-00580,16.4,64.3,11.7,58.3
PR-00581,18.1,54.5,12.3,59.8
PR-00582,16.9,63.8,12.9,59.1
PR-00583,13.4,72.5,10.5,55.1
PR-00584,17.5,57.1,12.1,61.7
PR-00585,17.7,62.0,11.7,58.3
PR-00586,18.5,56.2,12.7,60.8
PR-00587,14.8,70.0,11.8,56.9
PR-00588,17.9,58.7,12.5,62.5
PR-00589,17.2,64.8,11.8,59.3
PR-00590,15.7,68.5,11.4,56.9
PR-00591,16.6,63.0,12.2,59.7
PR-00592,16.4,59.0,11.8,60.3
PR-00593,15.4,65.9,11.2,57.0
PR-00594,18.1,58.3,12.8,61.6
PR-00595,19.6,53.8,12.5,63.0
PR-00596,17.0,71.1,12.4,59.9
PR-00597,18.1,54.3,12.5,61.7
PR-00598,18.3,58.9,11.2,58.1
PR-00599,18.6,59.8,12.4,59.7
PR-00600,14.6,68.5,11.2,56.9
PR-00601,16.1,69.8,11.6,56.4
PR-00602,15.0,63.7,11.9,55.8
PR-00603,13.3,64.3,11.4,54.7
PR-00604,14.7,67.3,11.1,55.3
PR-00605,15.5,65.4,11.9,55.4
PR-00606,14.4,68.7,11.8,55.7
PR-00607,17.5,61.5,11.7,60.0
PR-00608,17.8,63.7,12.0,58.9
PR-00609,16.3,61.2,11.6,59.7
PR-00610,17.8,57.2,11.8,61.6
PR-00611,16.1,63.3,12.0,61.4
PR-00612,18.1,58.5,11.7,59.5
PR-00613,17.2,62.7,11.6,58.8
PR-00614,15.6,62.6,12.3,58.2
PR-00615,17.7,62.8,11.8,59.2
PR-00616,13.2,67.9,10.9,54.8
PR-00617,16.5,59.7,12.1,59.3
PR-00618,20.2,47.6,12.0,63.3
PR-00619,18.4,59.0,11.8,60.4
PR-00620,14.6,76.3,11.6,55.2
PR-00621,18.6,60.6,11.6,60.9
PR-00622,19.0,56.6,12.1,62.4
PR-00623,17.3,61.9,11.8,60.0
PR-00624,19.0,50.0,12.1,60.5
PR-00625,20.1,53.0,13.0,65.7
PR-00626,15.9,69.6,11.6,58.5
PR-00627,18.3,56.1,12.8,61.7
PR-00628,16.8,61.9,11.8,57.5
PR-00629,14.8,56.8,12.0,58.6
PR-00630,15.2,64.4,11.0,57.0
PR-00631,17.2,55.4,11.8,60.0
PR-00632,22.6,48.3,14.0,66.6
PR-00633,16.4,60.6,11.7,60.9
PR-00634,21.7,49.5,12.7,65.3
PR-00635,14.5,67.4,11.9,57.2
PR-00636,15.2,70.0,11.3,55.4
PR-00637,12.6,69.3,10.5,53.8
PR-00638,17.9,57.2,12.4,59.2
PR-00639,16.1,66.3,10.9,57.0
PR-00640,15.2,66.1,11.4,57.9
PR-00641,20.3,54.7,12.3,61.7
PR-00642,17.2,61.8,12.5,59.8
PR-00643,18.1,55.0,12.1,59.5
PR-00644,14.8,72.0,11.0,55.4
PR-00645,15.9,56.0,11.7,58.8
PR-00646,14.6,64.4,11.1,55.5
PR-00647,19.2,63.0,12.8,64.5
PR-00648,17.0,53.7,12.1,58.3
PR-00649,18.9,54.4,13.6,62.7
PR-00650,18.8,61.1,12.2,58.6
PR-00651,19.1,52.2,12.4,61.7
PR-00652,19.7,60.5,12.5,63.2
PR-00653,22.1,52.8,12.9,65.6
PR-00654,16.5,55.1,11.3,58.7
PR-00655,17.2,57.7,12.3,60.1
PR-00656,16.5,64.7,11.7,61.4
PR-00657,15.1,66.7,11.4,57.6
PR-00658,15.5,66.9,11.6,57.3
PR-00659,15.2,60.1,11.7,56.6
PR-00660,14.8,60.6,10.5,56.0
PR-00661,17.9,55.0,11.9,61.0
PR-00662,17.4,61.8,12.3,59.2
PR-00663,21.6,54.4,12.9,64.7
PR-00664,17.7,60.0,11.8,59.3
PR-00665,16.7,67.8,12.1,60.4
PR-00666,17.3,56.8,11.4,58.1
PR-00667,19.7,56.2,12.9,61.5
PR-00668,19.2,50.1,11.7,62.5
PR-00669,18.2,60.9,11.4,59.9
PR-00670,17.5,60.4,11.7,60.6
PR-00671,17.7,61.7,12.8,60.1
PR-00672,16.1,61.4,12.0,58.7
PR-00673,17.7,52.0,11.9,61.1
PR-00674,15.6,65.0,11.0,57.0
PR-00675,16.9,62.8,11.7,57.5
PR-00676,17.7,58.7,12.7,59.7
PR-00677,17.7,58.9,11.9,60.0
PR-00678,18.9,61.8,13.1,60.4
PR-00679,14.4,66.6,11.4,58.6
PR-00680,15.5,62.2,11.8,57.9
PR-00681,19.5,58.7,11.8,58.6
PR-00682,20.3,51.7,12.5,64.1
PR-00683,17.3,59.6,12.1,59.4
PR-00684,14.8,65.4,11.6,55.9
PR-00685,14.7,66.5,11.8,58.4
PR-00686,17.6,63.3,12.6,59.5
PR-00687,18.9,54.8,12.2,63.3
PR-00688,17.8,55.8,12.5,61.9
PR-00689,15.5,63.3,11.2,56.9
PR-00690,17.1,64.1,11.4,60.2
PR-00691,17.5,58.7,11.9,59.7
PR-00692,17.9,60.6,11.8,61.5
PR-00693,14.0,71.0,10.8,53.5
PR-00694,20.1,51.8,12.7,62.1
PR-00695,16.1,60.1,11.5,58.2
PR-00696,16.6,62.0,11.9,58.2
PR-00697,15.8,64.7,11.6,58.7
PR-00698,17.4,60.0,11.7,58.6
PR-00699,14.3,70.5,11.6,54.9
PR-00700,18.8,57.5,11.9,62.1
PR-00701,16.3,62.9,12.0,57.9
PR-00702,18.5,64.1,12.1,61.3
PR-00703,13.0,72.7,10.7,52.6
PR-00704,13.8,68.4,11.6,56.5
PR-00705,19.0,55.1,12.4,64.6
PR-00706,16.6,60.4,11.9,57.0
PR-00707,17.2,59.7,12.0,59.0
PR-00708,17.9,56.2,11.4,59.6
PR-00709,15.4,66.4,11.1,53.7
PR-00710,20.2,51.8,12.6,63.0
PR-00711,18.9,59.4,12.7,61.2
PR-00712,17.9,57.6,12.3,62.2
PR-00713,17.5,63.3,12.2,60.2
PR-00714,14.9,64.5,10.8,55.8
PR-00715,17.2,60.0,11.4,59.5
PR-00716,18.5,54.2,11.4,61.5
PR-00717,16.8,58.3,12.2,56.8
PR-00718,17.6,61.2,12.0,58.8
PR-00719,16.9,59.4,11.9,61.0
PR-00720,19.1,54.4,12.5,63.3
PR-00721,16.0,66.6,11.9,56.8
PR-00722,18.9,51.8,12.3,61.1
PR-00723,20.0,55.8,13.1,63.0
PR-00724,19.2,58.4,12.4,61.2
PR-00725,13.5,66.8,10.7,55.0
PR-00726,17.3,61.9,11.5,58.5
PR-00727,17.4,62.8,11.9,58.1
PR-00728,19.0,50.1,13.2,63.5
PR-00729,19.1,56.6,11.6,62.1
PR-00730,17.3,64.4,11.8,60.3
PR-00731,16.9,61.8,12.2,61.4
PR-00732,15.1,66.1,12.0,58.7
PR-00733,20.0,48.8,12.7,63.0
PR-00734,17.8,61.8,12.7,61.8
PR-00735,17.9,55.7,11.7,59.2
PR-00736,22.6,45.8,13.7,66.1
PR-00737,18.7,57.7,12.1,60.2
PR-00738,17.9,58.4,13.3,60.5
PR-00739,18.1,60.9,11.4,59.6
PR-00740,15.6,60.8,11.4,58.8
PR-00741,18.4,59.2,11.8,60.2
PR-00742,19.6,51.4,12.5,62.8
PR-00743,18.2,56.6,12.7,62.1
PR-00744,14.5,68.4,11.0,58.2
PR-00745,13.8,69.4,12.5,56.4
PR-00746,18.5,58.5,12.5,60.1
PR-00747,16.3,63.5,12.0,57.0
PR-00748,17.7,64.2,11.5,61.5
PR-00749,18.2,60.3,12.2,64.4
PR-00750,19.0,53.3,13.1,63.4
PR-00751,19.5,59.4,12.7,62.7
PR-00752,18.2,62.4,11.9,60.1
PR-00753,18.1,60.9,12.1,62.3
PR-00754,20.1,56.6,12.2,62.6
PR-00755,14.1,65.6,11.5,56.3
PR-00756,19.2,54.5,12.3,61.1
PR-00757,17.4,58.6,11.9,60.2
PR-00758,16.3,63.5,12.0,57.2
PR-00759,17.2,64.7,11.6,55.9
PR-00760,18.1,61.8,12.0,57.6
PR-00761,21.0,50.0,12.6,62.3
PR-00762,20.5,51.5,13.0,63.1
PR-00763,17.4,63.5,12.5,59.5
PR-00764,16.1,60.8,11.6,59.1
PR-00765,16.2,62.8,11.1,57.7
PR-00766,13.4,65.2,11.4,55.1
PR-00767,19.3,56.5,12.6,62.3
PR-00768,19.5,53.2,12.4,64.2
PR-00769,17.6,53.8,12.3,59.8
PR-00770,19.8,60.2,12.6,61.5
PR-00771,16.6,63.1,11.4,55.8
PR-00772,15.6,66.7,11.7,55.8
PR-00773,22.3,50.1,12.1,64.8
PR-00774,15.5,65.0,12.1,60.6
PR-00775,14.9,63.0,11.2,56.7
PR-00776,10.5,76.4,10.3,48.6
PR-00777,16.8,59.3,12.3,60.4
PR-00778,15.6,59.7,11.1,59.4
PR-00779,17.8,61.5,12.1,58.0
PR-00780,17.7,62.4,11.4,57.7
PR-00781,14.4,77.1,11.2,57.2
PR-00782,17.7,62.8,12.7,61.6
PR-00783,20.6,44.4,13.1,63.8
PR-00784,18.3,56.8,11.3,60.5
PR-00785,15.8,63.4,12.1,58.8
PR-00786,16.7,62.9,10.9,56.8
PR-00787,16.9,63.3,11.3,57.6
PR-00788,16.9,64.3,12.2,61.4
PR-00789,17.8,56.2,11.6,62.4
PR-00790,17.2,60.2,11.8,59.3
PR-00791,21.2,52.4,12.9,64.0
PR-00792,16.9,61.3,11.6,60.7
PR-00793,16.7,61.1,11.9,57.7
PR-00794,20.1,53.1,12.4,60.5
PR-00795,17.2,62.7,12.2,59.8
PR-00796,16.7,64.0,12.0,59.3
PR-00797,15.1,70.9,10.8,55.5
PR-00798,20.0,59.0,11.9,61.6
PR-00799,17.9,59.2,12.4,59.9
PR-00800,18.3,58.8,12.5,60.5
PR-00801,14.1,63.4,11.3,58.3
PR-00802,15.5,66.4,11.5,57.1
PR-00803,15.5,59.2,11.5,58.6
PR-00804,20.4,53.4,12.6,63.3
PR-00805,18.0,61.8,12.3,62.0
PR-00806,16.7,63.6,11.9,61.2
PR-00807,17.0,69.8,11.4,55.5
PR-00808,17.1,61.2,12.0,57.5
PR-00809,17.2,63.1,11.5,58.0
PR-00810,17.6,59.4,11.9,57.2
PR-00811,17.3,58.5,12.2,60.0
PR-00812,13.2,65.6,10.5,53.0
PR-00813,13.4,69.7,10.7,55.2
PR-00814,16.2,65.2,11.0,56.7
PR-00815,15.0,68.6,10.6,56.6
PR-00816,16.5,63.0,11.6,57.4
PR-00817,14.9,62.5,12.4,57.1
PR-00818,16.6,57.6,12.3,59.1
PR-00819,15.1,62.2,12.0,56.3
PR-00820,11.9,77.6,11.0,50.0
PR-00821,13.8,66.9,10.5,55.6
PR-00822,18.6,56.8,11.6,62.7
PR-00823,17.8,61.4,12.5,58.1
PR-00824,14.5,73.1,11.2,53.9
PR-00825,15.1,64.3,12.2,57.4
PR-00826,17.3,58.9,12.1,62.1
PR-00827,19.3,51.4,12.7,63.4
PR-00828,16.6,64.1,11.8,58.7
PR-00829,17.3,56.1,11.0,60.6
PR-00830,15.4,69.7,11.4,56.1
PR-00831,17.7,64.2,11.2,59.1
PR-00832,17.3,58.9,11.9,60.7
PR-00833,17.1,57.0,11.6,58.8
PR-00834,14.7,67.7,11.4,56.5
PR-00835,14.1,73.1,10.7,53.4
PR-00836,19.0,58.7,13.1,61.4
PR-00837,19.2,54.8,12.4,61.2
PR-00838,14.9,72.3,11.1,57.2
PR-00839,19.3,58.2,13.4,63.7
PR-00840,16.4,63.0,11.7,57.8
PR-00841,18.1,57.2,12.2,60.6
PR-00842,16.2,64.1,11.9,59.3
PR-00843,15.3,65.2,11.6,57.8
PR-00844,19.9,59.7,12.3,62.3
PR-00845,14.5,64.0,11.9,56.6
PR-00846,18.0,55.7,12.2,60.2
PR-00847,19.2,55.5,12.7,63.5
PR-00848,13.4,75.1,10.9,55.0
PR-00849,18.6,52.0,12.4,62.5
PR-00850,18.6,50.5,11.9,62.8
PR-00851,17.9,58.3,12.0,61.7
PR-00852,16.1,66.2,11.8,56.3
PR-00853,15.9,69.2,11.0,56.9
PR-00854,18.1,56.5,12.1,60.3
PR-00855,18.6,58.8,12.3,61.8
PR-00856,18.1,54.7,12.6,60.3
PR-00857,17.8,66.5,12.4,59.6
PR-00858,17.2,62.9,12.1,61.5
PR-00859,18.7,56.2,12.8,61.2
PR-00860,18.7,58.5,12.4,60.8
PR-00861,17.3,58.4,12.2,60.9
PR-00862,20.0,55.5,12.7,62.9
PR-00863,19.1,64.3,12.3,61.8
PR-00864,19.8,59.7,12.7,62.4
PR-00865,15.1,65.4,10.5,56.5
PR-00866,12.8,72.5,10.6,53.3
PR-00867,17.2,54.1,11.9,59.7
PR-00868,17.7,61.6,11.8,62.0
PR-00869,15.9,62.8,11.6,55.8
PR-00870,17.9,57.2,12.8,61.0
PR-00871,15.7,64.9,11.3,57.7
PR-00872,15.7,67.4,12.0,58.5
PR-00873,15.3,60.4,11.6,56.7
PR-00874,15.6,62.2,11.8,57.9
PR-00875,16.5,62.6,11.4,57.4
PR-00876,13.3,70.1,11.1,54.2
PR-00877,20.0,57.3,12.1,63.1
PR-00878,16.1,63.3,12.8,59.2
PR-00879,16.2,60.3,11.7,59.6
PR-00880,18.2,64.4,11.9,60.1
PR-00881,17.4,62.2,12.2,60.4
PR-00882,17.4,58.7,11.7,58.8
PR-00883,20.5,56.7,12.2,61.8
PR-00884,17.2,61.9,11.9,59.3
PR-00885,17.3,61.5,11.8,59.0
PR-00886,16.1,66.9,10.8,56.6
PR-00887,14.6,70.0,12.1,56.2
PR-00888,19.4,54.4,13.3,61.6
PR-00889,19.5,55.9,12.6,62.2
PR-00890,14.1,74.5,11.2,52.6
PR-00891,16.5,64.1,11.7,57.6
PR-00892,17.2,63.0,12.6,61.4
PR-00893,15.2,64.0,11.2,57.6
PR-00894,12.0,77.6,10.6,53.5
PR-00895,15.0,62.2,11.5,56.2
PR-00896,18.2,61.2,13.0,63.5
PR-00897,15.2,64.3,10.8,58.5
PR-00898,20.5,55.7,12.8,62.3
PR-00899,13.6,72.5,10.7,53.8
PR-00900,14.6,70.4,12.0,56.3
PR-00901,16.2,61.4,11.1,60.9
PR-00902,16.9,62.9,12.4,59.7
PR-00903,21.1,56.4,12.4,64.5
PR-00904,16.5,59.3,12.8,60.0
PR-00905,17.4,64.6,11.0,59.1
PR-00906,15.0,76.1,11.6,56.1
PR-00907,14.3,69.8,11.0,55.0
PR-00908,17.8,63.2,11.3,59.5
PR-00909,16.0,57.3,11.7,60.4
PR-00910,19.4,54.7,12.5,60.3
PR-00911,15.5,63.4,11.5,59.7
PR-00912,17.4,64.0,12.7,59.4
PR-00913,16.4,62.3,11.7,57.3
PR-00914,17.6,57.4,11.8,58.8
PR-00915,21.9,52.1,13.7,64.8
PR-00916,15.9,66.5,11.4,57.9
PR-00917,16.8,57.0,12.0,58.4
PR-00918,16.0,66.8,11.8,57.6
PR-00919,16.6,63.5,11.7,60.7
PR-00920,17.7,58.8,11.9,63.1
PR-00921,14.9,62.5,11.3,57.7
PR-00922,15.7,69.2,11.3,55.6
PR-00923,16.9,66.6,12.4,58.8
PR-00924,18.0,62.6,11.5,61.6
PR-00925,21.2,47.2,13.0,66.3
PR-00926,15.7,64.4,10.8,57.2
PR-00927,22.0,50.8,14.6,66.2
PR-00928,18.2,55.4,12.5,61.6
PR-00929,17.8,66.5,11.6,58.2
PR-00930,19.2,50.0,12.5,62.5
PR-00931,20.5,54.7,13.1,62.0
PR-00932,13.4,66.9,11.1,56.5
PR-00933,15.0,64.2,11.5,57.9
PR-00934,16.5,64.2,10.7,59.3
PR-00935,16.0,64.3,11.8,57.8
PR-00936,17.1,57.6,12.6,59.0
PR-00937,19.9,55.3,13.0,62.7
PR-00938,14.9,68.2,11.6,55.1
PR-00939,16.3,62.7,11.2,56.4
PR-00940,13.7,72.4,11.3,55.5
PR-00941,17.5,70.5,12.4,59.2
PR-00942,20.7,54.4,13.0,62.2
PR-00943,20.1,56.2,11.8,62.4
PR-00944,17.8,61.2,11.8,62.3
PR-00945,17.8,60.1,12.0,58.3
PR-00946,19.8,54.6,11.9,62.1
PR-00947,21.8,51.1,13.2,66.3
PR-00948,17.9,58.4,12.1,58.7
PR-00949,18.4,62.3,12.2,60.5
PR-00950,17.3,66.0,11.8,58.4
PR-00951,16.0,67.1,12.0,57.5
PR-00952,15.1,69.4,11.1,56.0
PR-00953,18.9,58.7,12.9,59.7
PR-00954,22.0,52.6,12.3,65.3
PR-00955,17.5,61.7,11.9,58.4
PR-00956,17.7,57.7,12.2,62.2
PR-00957,20.3,57.6,12.6,62.3
PR-00958,17.8,56.4,11.6,58.4
PR-00959,15.0,68.6,10.8,54.8
PR-00960,17.2,61.4,12.0,59.6
PR-00961,18.4,58.8,12.5,62.6
PR-00962,19.0,53.8,12.7,61.5
PR-00963,16.9,62.7,11.5,58.2
PR-00964,17.5,61.5,11.6,58.5
PR-00965,18.3,57.1,12.8,62.7
PR-00966,16.4,73.3,11.0,57.6
PR-00967,16.8,59.4,11.0,58.4
PR-00968,15.5,65.3,11.3,56.6
PR-00969,16.1,63.2,10.5,56.1
PR-00970,17.2,63.8,11.9,61.9
PR-00971,19.4,52.7,12.9,61.9
PR-00972,19.2,50.0,12.3,62.9
PR-00973,19.9,56.4,12.3,61.0
PR-00974,18.1,56.7,12.5,63.0
PR-00975,17.3,57.2,11.8,61.2
PR-00976,15.7,69.0,10.8,58.9
PR-00977,15.5,59.5,11.0,58.6
PR-00978,17.6,52.1,11.6,59.0
PR-00979,15.3,62.8,11.5,58.2
PR-00980,15.7,61.5,10.8,57.6
PR-00981,17.6,61.4,12.4,61.9
PR-00982,20.3,61.1,12.2,60.5
PR-00983,16.4,63.1,12.2,59.1
PR-00984,16.2,65.4,11.1,57.4
PR-00985,16.7,61.0,11.5,60.6
PR-00986,16.1,65.6,11.7,58.8
PR-00987,15.2,67.5,11.5,58.5
PR-00988,15.4,67.7,11.7,57.6
PR-00989,15.9,58.2,11.6,59.3
PR-00990,17.6,58.5,12.5,60.9
PR-00991,16.2,63.7,11.9,59.1
PR-00992,17.4,61.0,12.2,62.8
PR-00993,16.1,62.8,11.8,60.9
PR-00994,22.1,46.9,13.1,64.4
PR-00995,16.8,62.8,11.5,58.2
PR-00996,16.4,65.5,11.2,57.3
PR-00997,13.9,75.8,10.3,53.6
PR-00998,21.6,41.5,13.7,66.2
PR-00999,21.7,51.8,13.1,65.0
PR-01000,16.9,66.2,11.7,60.3
PR-01001,18.8,55.8,12.8,62.2
PR-01002,17.7,61.6,11.9,59.5
PR-01003,18.0,59.3,12.4,59.5
PR-01004,17.7,58.0,12.5,62.1
PR-01005,16.7,58.5,12.0,60.9
PR-01006,15.3,63.9,11.3,58.5
PR-01007,20.4,51.2,12.0,61.8
PR-01008,20.2,51.7,12.2,63.0
PR-01009,18.2,58.7,12.1,59.5
PR-01010,18.8,55.5,12.2,62.3
PR-01011,18.2,52.0,12.7,63.7
PR-01012,13.7,64.3,10.9,53.9
PR-01013,19.9,51.2,12.4,63.7
PR-01014,19.3,56.0,12.2,62.0
PR-01015,12.9,69.2,11.1,52.4
PR-01016,21.7,48.9,12.8,65.6
PR-01017,19.1,50.7,12.5,63.3
PR-01018,18.5,58.7,12.1,60.5
PR-01019,16.5,59.7,11.8,56.7
PR-01020,18.6,57.6,12.4,60.0
PR-01021,18.9,54.3,11.8,60.2
PR-01022,19.5,54.9,12.2,63.5
PR-01023,18.6,57.2,12.5,64.0
PR-01024,14.2,74.5,10.8,53.8
PR-01025,21.1,51.7,12.5,64.7
PR-01026,18.5,57.5,12.1,60.9
PR-01027,15.9,61.3,11.5,59.5
PR-01028,17.1,62.6,11.0,59.1
PR-01029,20.1,54.0,12.6,58.6
PR-01030,14.0,71.5,11.7,55.1
PR-01031,17.6,59.6,11.7,60.7
PR-01032,13.7,74.3,10.2,53.7
PR-01033,19.8,57.2,12.5,64.9
PR-01034,16.9,58.5,11.6,58.6
PR-01035,16.4,64.0,11.7,59.1
PR-01036,17.6,62.5,12.3,61.9
PR-01037,17.2,60.7,10.8,60.7
PR-01038,19.4,57.6,12.4,59.8
PR-01039,19.9,57.2,12.7,61.8
PR-01040,19.9,47.1,12.3,63.3
PR-01041,16.7,63.0,12.4,57.6
PR-01042,15.7,65.7,12.4,58.6
PR-01043,16.2,63.9,12.2,57.0
PR-01044,15.8,62.8,11.6,58.8
PR-01045,18.0,60.3,11.8,59.1
PR-01046,14.3,68.9,11.0,54.6
PR-01047,17.2,62.5,12.3,61.3
PR-01048,17.1,66.1,11.9,58.2
PR-01049,18.3,64.0,12.6,61.7
PR-01050,17.4,57.4,12.2,60.6
PR-01051,16.1,62.5,12.1,59.3
PR-01052,15.2,63.9,11.0,57.6
PR-01053,13.1,71.1,10.0,53.5
PR-01054,19.5,54.9,11.8,61.5
PR-01055,18.5,56.9,12.7,61.1
PR-01056,19.8,59.2,12.7,63.1
PR-01057,17.1,60.8,11.4,61.6
PR-01058,16.1,65.1,11.4,57.8
PR-01059,21.7,50.9,12.3,63.9
PR-01060,15.5,62.8,11.5,57.0
PR-01061,21.2,50.7,12.7,63.7
PR-01062,24.5,36.4,13.9,68.7
PR-01063,20.6,48.8,13.0,64.6
PR-01064,16.7,66.1,11.3,54.3
PR-01065,17.0,63.8,11.8,59.0
PR-01066,15.9,61.5,11.9,57.6
PR-01067,18.5,56.3,12.5,60.8
PR-01068,14.3,69.5,12.1,56.6
PR-01069,20.9,52.7,13.1,66.4
PR-01070,21.0,53.3,12.3,64.9
PR-01071,13.8,68.7,10.6,55.4
PR-01072,20.1,51.4,12.3,64.2
PR-01073,18.4,52.1,11.5,61.9
PR-01074,18.0,60.1,12.4,59.5
PR-01075,22.2,46.7,13.2,64.4
PR-01076,17.2,68.3,11.2,59.1
PR-01077,17.5,57.2,12.7,63.8
PR-01078,14.4,64.2,11.8,54.5
PR-01079,18.5,53.4,12.3,60.5
PR-01080,19.1,61.4,12.1,63.4
PR-01081,16.8,60.5,11.7,56.0
PR-01082,18.4,60.6,12.2,61.1
PR-01083,16.4,71.5,12.0,55.2
PR-01084,19.0,55.2,12.8,64.3
PR-01085,18.4,61.2,12.2,61.5
PR-01086,14.5,68.9,11.1,55.4
PR-01087,20.2,49.8,13.0,64.9
PR-01088,17.5,58.8,12.0,61.7
PR-01089,16.9,62.0,11.3,59.7
PR-01090,15.2,66.9,11.9,59.1
PR-01091,17.4,60.8,12.7,58.3
PR-01092,14.3,69.2,11.1,55.7
PR-01093,15.7,63.5,12.0,56.9
PR-01094,16.9,60.7,12.4,59.7
PR-01095,18.2,58.4,11.7,61.2
PR-01096,20.1,55.2,12.5,63.3
PR-01097,18.0,63.1,11.7,62.3
PR-01098,17.8,63.1,12.1,59.1
PR-01099,16.5,61.8,11.6,57.7
PR-01100,18.6,59.7,12.1,60.1
PR-01101,17.4,60.1,12.5,60.0
PR-01102,17.1,58.3,11.7,57.4
PR-01103,18.5,63.4,11.6,59.7
PR-01104,16.4,55.4,11.8,60.4
PR-01105,15.8,63.1,11.5,56.1
PR-01106,11.6,73.7,9.8,51.8
PR-01107,18.4,56.6,12.2,62.9
PR-01108,14.6,64.5,11.2,55.8
PR-01109,14.7,59.3,10.6,55.0
PR-01110,17.9,60.8,11.6,58.6
PR-01111,15.6,60.7,10.5,57.7
PR-01112,21.2,49.4,13.3,64.1
PR-01113,14.1,68.3,11.1,55.9
PR-01114,14.2,67.5,11.7,55.1
PR-01115,16.3,63.6,11.9,60.8
PR-01116,15.7,65.8,10.7,55.5
PR-01117,18.0,57.8,12.8,61.4
PR-01118,13.7,77.8,11.0,55.3
PR-01119,14.8,61.3,11.0,59.2
PR-01120,15.9,62.4,11.6,60.6
PR-01121,21.4,50.6,13.2,64.2
PR-01122,12.4,72.3,10.9,55.3
PR-01123,18.2,56.7,12.2,63.0
PR-01124,19.3,58.4,12.4,60.3
PR-01125,15.5,64.8,11.7,58.1
PR-01126,14.0,66.5,11.6,57.5
PR-01127,16.6,64.7,11.4,56.1
PR-01128,17.0,64.1,12.0,59.3
PR-01129,17.5,59.8,11.3,59.9
PR-01130,10.8,71.8,10.6,51.6
PR-01131,19.9,50.0,12.5,65.4
PR-01132,15.8,65.4,11.4,57.7
PR-01133,15.8,60.2,11.4,58.6
PR-01134,17.8,55.5,12.5,59.0
PR-01135,20.0,52.8,12.8,60.3
PR-01136,18.1,53.4,12.5,63.2
PR-01137,16.0,65.3,11.3,59.2
PR-01138,15.4,73.6,10.6,54.1
PR-01139,18.5,57.5,12.8,62.7
PR-01140,13.2,72.9,11.0,56.1
PR-01141,15.2,70.2,11.8,56.5
PR-01142,17.8,60.0,12.7,58.0
PR-01143,18.4,59.8,11.7,61.0
PR-01144,15.7,59.6,11.9,60.7
PR-01145,18.1,58.8,12.2,63.1
PR-01146,17.6,60.2,11.8,63.2
PR-01147,22.5,51.2,13.5,67.5
PR-01148,21.1,51.9,13.0,65.6
PR-01149,17.8,61.8,12.3,61.4
PR-01150,13.8,77.2,10.3,54.8
PR-01151,13.5,72.0,10.8,54.8
PR-01152,17.9,59.0,12.4,62.5
PR-01153,18.6,51.9,12.2,61.9
PR-01154,20.7,46.9,13.7,63.6
PR-01155,16.5,63.0,11.6,58.3
PR-01156,19.4,49.9,12.5,63.1
PR-01157,16.7,64.0,11.7,61.0
PR-01158,14.8,67.3,11.8,53.1
PR-01159,19.2,60.2,12.8,61.9
PR-01160,17.2,61.7,12.3,59.1
PR-01161,14.3,68.4,11.9,57.1
PR-01162,16.6,61.1,11.6,59.7
PR-01163,18.2,58.6,12.0,60.1
PR-01164,16.3,68.3,11.1,56.7
PR-01165,16.6,62.8,11.7,55.8
PR-01166,15.8,58.9,12.5,58.2
PR-01167,18.5,56.1,12.6,59.7
PR-01168,13.8,72.7,11.0,56.2
PR-01169,15.9,60.4,12.5,58.8
PR-01170,16.9,62.8,11.7,58.7
PR-01171,15.3,65.0,11.9,57.6
PR-01172,17.9,59.9,12.5,60.3
PR-01173,22.6,44.9,13.6,65.1
PR-01174,13.3,76.0,10.7,52.0
PR-01175,15.5,61.5,11.3,58.2
PR-01176,16.6,61.1,11.8,59.2
PR-01177,20.2,54.3,12.5,62.8
PR-01178,17.5,64.7,11.4,62.1
PR-01179,15.5,66.9,11.9,55.9
PR-01180,22.7,49.2,14.0,65.3
PR-01181,20.4,60.7,13.1,62.7
PR-01182,13.1,68.5,11.6,52.7
PR-01183,22.4,51.3,13.6,67.3
PR-01184,20.6,48.6,13.0,61.8
PR-01185,17.5,56.6,12.1,61.7
PR-01186,18.6,62.6,11.9,61.0
PR-01187,15.9,60.5,12.2,61.4
PR-01188,16.3,62.9,10.7,56.7
PR-01189,16.5,65.4,11.9,59.3
PR-01190,16.9,62.8,12.8,61.9
PR-01191,16.0,61.9,11.6,58.3
PR-01192,14.7,67.2,10.2,56.2
PR-01193,19.5,54.3,12.7,62.6
PR-01194,17.4,56.4,11.7,61.0
PR-01195,15.5,64.9,11.8,57.0
PR-01196,17.6,57.5,12.4,60.4
PR-01197,23.3,47.6,13.4,65.8
PR-01198,16.6,63.9,11.7,59.4
PR-01199,17.1,62.0,12.3,60.5
PR-01200,17.5,60.2,11.5,59.4
PR-01201,18.7,60.0,12.1,64.1
PR-01202,23.5,49.9,13.6,67.9
PR-01203,16.5,69.5,11.7,57.9
PR-01204,15.0,67.9,11.6,57.0
PR-01205,16.1,60.1,11.9,57.7
PR-01206,16.6,63.4,11.9,57.9
PR-01207,21.0,48.8,12.9,63.8
PR-01208,19.6,45.7,11.7,63.5
PR-01209,16.3,62.3,12.7,60.6
PR-01210,16.6,61.9,11.9,58.1
PR-01211,18.9,54.2,11.9,60.2
PR-01212,17.9,58.8,11.4,59.4
PR-01213,18.5,60.4,12.5,60.7
PR-01214,15.4,67.0,11.2,56.4
PR-01215,17.5,60.6,12.2,58.8
PR-01216,17.9,56.1,12.3,60.7
PR-01217,17.3,62.5,11.4,57.0
PR-01218,16.8,63.1,11.9,60.6
PR-01219,17.3,56.1,11.9,60.9
PR-01220,13.9,72.3,11.2,54.2
PR-01221,15.6,57.2,12.1,58.9
PR-01222,18.0,57.8,11.8,62.5
PR-01223,17.8,56.1,13.1,62.3
PR-01224,16.6,65.7,12.1,57.2
PR-01225,19.0,60.5,11.8,62.0
PR-01226,14.3,71.7,11.8,55.5
PR-01227,16.6,65.8,11.8,59.8
PR-01228,18.7,53.8,12.1,60.3
PR-01229,18.8,51.6,12.3,63.6
PR-01230,18.0,51.4,12.6,63.5
PR-01231,17.1,59.5,12.2,59.2
PR-01232,16.3,62.8,11.1,59.7
PR-01233,18.2,54.6,12.6,63.0
PR-01234,16.1,69.1,11.4,57.1
PR-01235,15.2,67.8,11.4,57.3
PR-01236,19.8,56.1,12.8,65.4
PR-01237,12.6,62.0,10.9,53.6
PR-01238,18.7,60.7,12.2,60.8
PR-01239,14.0,71.7,10.9,55.4
PR-01240,18.0,54.6,12.7,61.2
PR-01241,17.3,61.0,12.0,62.2
PR-01242,19.5,55.2,12.1,61.7
PR-01243,18.5,61.6,12.1,61.2
PR-01244,12.4,69.8,10.5,53.2
PR-01245,11.4,76.0,10.6,52.2
PR-01246,14.0,69.2,11.4,56.5
PR-01247,19.0,52.5,12.2,64.4
PR-01248,17.7,62.7,11.1,59.8
PR-01249,17.7,60.2,12.0,60.5
PR-01250,16.0,60.9,12.0,57.1
PR-01251,19.3,51.9,13.3,62.6
PR-01252,12.6,71.3,11.3,53.7
PR-01253,18.5,54.9,11.7,63.8
PR-01254,17.1,58.4,11.8,60.7
PR-01255,16.3,63.6,11.7,61.0
PR-01256,20.3,49.0,12.9,61.6
PR-01257,14.7,66.8,11.4,54.9
PR-01258,17.7,65.6,12.2,59.8
PR-01259,18.0,61.8,12.1,58.7
PR-01260,14.5,64.9,10.8,57.9
PR-01261,19.6,55.5,12.6,62.4
PR-01262,15.7,67.3,11.4,56.2
PR-01263,21.4,51.3,12.5,62.9
PR-01264,17.2,60.3,11.3,57.9
PR-01265,17.5,58.4,11.9,61.2
PR-01266,17.1,58.9,12.0,58.3
PR-01267,18.5,54.5,12.1,61.9
PR-01268,14.9,65.3,12.0,58.1
PR-01269,19.2,53.4,12.7,60.3
PR-01270,17.2,61.8,12.0,59.1
PR-01271,18.2,56.0,12.2,60.4
PR-01272,14.7,68.3,11.9,59.1
PR-01273,16.7,62.4,12.4,60.4
PR-01274,17.5,57.4,12.4,63.2
PR-01275,15.2,61.5,12.0,58.1
PR-01276,18.0,63.1,12.3,59.6
PR-01277,14.8,64.3,11.1,55.9
PR-01278,18.4,53.9,12.5,64.3
PR-01279,16.9,68.7,11.6,59.6
PR-01280,15.1,61.6,11.4,57.1
PR-01281,18.0,57.4,12.0,61.9
PR-01282,19.2,58.5,11.7,61.6
PR-01283,17.4,54.5,12.7,62.0
PR-01284,17.6,62.8,12.3,59.4
PR-01285,16.6,63.6,12.1,62.2
PR-01286,14.3,68.3,11.7,56.3
PR-01287,15.7,70.4,11.2,56.4
PR-01288,21.8,50.5,13.1,62.2
PR-01289,17.1,58.2,11.9,60.3
PR-01290,17.7,60.3,12.2,63.5
PR-01291,17.9,60.2,11.7,61.6
PR-01292,18.0,58.9,12.4,59.7
PR-01293,20.6,58.3,12.3,62.7
PR-01294,17.0,63.0,12.0,58.3
PR-01295,16.8,54.8,11.1,59.0
PR-01296,17.7,57.5,12.2,63.1
PR-01297,14.0,64.9,11.7,56.4
PR-01298,15.7,69.0,11.5,57.4
PR-01299,14.9,64.8,11.2,58.0
PR-01300,12.7,72.7,10.1,51.8
PR-01301,22.3,47.8,13.3,66.0
PR-01302,18.5,54.6,12.2,60.3
PR-01303,20.8,49.5,12.8,65.4
PR-01304,20.5,55.8,13.2,61.6
PR-01305,17.0,66.1,12.3,60.6
PR-01306,16.0,64.2,12.3,57.4
PR-01307,20.1,58.3,12.0,64.3
PR-01308,16.4,57.0,11.6,58.7
PR-01309,16.7,63.8,12.0,58.6
PR-01310,21.4,51.7,13.3,66.6
PR-01311,18.4,56.8,11.6,61.1
PR-01312,16.0,67.1,11.3,58.0
PR-01313,15.2,67.3,11.4,54.7
PR-01314,18.7,62.7,11.3,59.6
PR-01315,16.1,64.2,10.8,58.5
PR-01316,15.5,62.7,11.9,57.9
PR-01317,17.1,54.8,12.6,61.9
PR-01318,16.2,62.3,11.6,57.4
PR-01319,17.6,64.8,12.8,58.5
PR-01320,17.5,58.3,12.9,61.0
PR-01321,16.8,62.5,11.6,56.4
PR-01322,15.6,68.3,11.5,57.0
PR-01323,17.0,65.7,12.4,60.8
PR-01324,18.3,61.7,13.0,60.3
PR-01325,18.4,56.4,12.1,59.5
PR-01326,15.5,59.9,12.5,55.3
PR-01327,14.2,66.3,11.7,57.0
PR-01328,12.6,75.1,10.7,54.8
PR-01329,16.8,60.2,11.9,59.2
PR-01330,18.9,59.2,12.2,63.3
PR-01331,19.8,43.6,12.9,63.4
PR-01332,15.1,59.7,12.2,57.3
PR-01333,15.9,59.0,11.8,59.9
PR-01334,16.5,69.6,11.3,55.9
PR-01335,15.6,67.9,11.1,55.3
PR-01336,17.7,64.4,12.1,57.0
PR-01337,16.0,61.2,11.2,56.4
PR-01338,18.4,59.8,12.6,58.6
PR-01339,15.5,68.6,12.4,56.9
PR-01340,22.5,47.4,13.9,68.6
PR-01341,21.0,52.0,13.4,68.2
PR-01342,21.0,48.2,12.0,61.6
PR-01343,14.8,63.7,11.8,57.4
PR-01344,14.7,70.6,11.3,55.1
PR-01345,14.1,65.7,11.3,59.7
PR-01346,15.0,75.3,12.1,54.3
PR-01347,18.7,57.6,11.9,62.3
PR-01348,17.8,59.4,12.3,58.0
PR-01349,15.2,64.1,11.2,54.8
PR-01350,18.6,61.0,11.9,59.0
PR-01351,13.9,75.5,11.6,55.5
PR-01352,18.7,58.8,12.2,58.7
PR-01353,19.1,54.4,12.5,61.6
PR-01354,16.8,59.7,11.9,59.2
PR-01355,19.3,52.3,12.4,62.4
PR-01356,19.5,57.1,12.9,61.9
PR-01357,19.5,56.5,12.8,63.3
PR-01358,17.0,57.8,11.9,57.5
PR-01359,18.0,61.4,12.2,61.2
PR-01360,19.1,56.6,12.2,58.9
PR-01361,17.5,57.1,13.1,57.9
PR-01362,16.4,59.9,12.1,58.0
PR-01363,16.8,65.8,11.9,56.4
PR-01364,18.6,57.9,11.9,59.9
PR-01365,14.1,72.0,11.5,53.6
PR-01366,18.1,63.5,11.6,59.3
PR-01367,13.6,71.3,10.4,56.4
PR-01368,17.1,62.0,11.3,59.2
PR-01369,13.3,74.0,10.8,55.2
PR-01370,10.7,79.6,9.9,51.1
PR-01371,17.7,59.2,11.9,58.9
PR-01372,13.3,68.2,10.7,53.0
PR-01373,16.0,61.7,12.1,57.1
PR-01374,16.1,67.6,11.6,58.4
PR-01375,13.4,72.7,10.7,54.2
PR-01376,19.0,52.1,12.3,62.5
PR-01377,13.2,74.4,10.6,54.6
PR-01378,15.4,65.6,12.2,59.3
PR-01379,17.1,58.6,11.7,60.5
PR-01380,15.9,57.8,11.8,61.5
PR-01381,17.5,64.7,11.9,58.8
PR-01382,16.2,64.3,11.1,59.3
PR-01383,16.9,62.1,12.1,58.7
PR-01384,18.2,59.3,12.2,59.1
PR-01385,14.3,70.2,11.9,54.7
PR-01386,14.5,69.2,10.3,56.0
PR-01387,13.7,68.9,10.6,53.7
PR-01388,17.1,59.9,12.3,59.4
PR-01389,16.8,60.8,12.1,59.6
PR-01390,15.4,61.8,11.9,58.5
PR-01391,19.7,59.0,11.6,59.6
PR-01392,17.1,58.7,12.5,59.8
PR-01393,17.0,66.3,11.4,58.6
PR-01394,14.7,62.3,11.3,56.9
PR-01395,15.6,61.3,11.7,59.2
PR-01396,19.3,55.8,12.7,64.4
PR-01397,21.1,49.8,13.3,65.5
PR-01398,17.5,55.9,11.5,59.6
PR-01399,17.7,59.4,12.3,59.0
PR-01400,19.7,54.7,13.0,61.8
PR-01401,17.1,61.2,11.8,60.8
PR-01402,17.6,59.6,12.1,56.0
PR-01403,21.3,53.8,12.5,63.3
PR-01404,18.7,56.2,12.5,63.4
PR-01405,20.1,57.3,12.5,64.2
PR-01406,19.4,53.8,12.6,62.5
PR-01407,16.1,65.1,12.2,59.3
PR-01408,18.5,52.1,12.8,59.3
PR-01409,17.9,62.6,12.1,61.7
PR-01410,15.7,61.4,11.5,58.7
PR-01411,14.2,76.5,11.1,55.4
PR-01412,17.7,62.8,12.0,59.6
PR-01413,18.5,59.0,11.5,60.0
PR-01414,17.1,57.5,11.9,58.2
PR-01415,15.7,65.9,11.9,55.8
PR-01416,21.8,50.5,12.8,64.9
PR-01417,16.7,60.4,12.2,58.2
PR-01418,18.7,61.1,11.8,60.4
PR-01419,18.4,67.2,12.0,59.6
PR-01420,17.7,58.4,11.9,61.4
PR-01421,18.2,64.4,12.0,61.6
PR-01422,21.5,56.4,12.2,64.4
PR-01423,17.4,64.9,12.5,61.9
PR-01424,15.7,53.0,11.8,60.3
PR-01425,16.0,64.8,12.1,58.1
PR-01426,16.6,60.6,11.7,57.2
PR-01427,13.4,68.2,11.1,53.8
PR-01428,16.1,63.9,11.9,56.6
PR-01429,18.5,51.8,12.9,61.3
PR-01430,19.3,53.0,12.3,63.3
PR-01431,17.1,64.2,12.3,57.8
PR-01432,17.3,62.5,12.1,62.3
PR-01433,17.4,58.7,12.3,60.7
PR-01434,15.0,63.4,11.4,56.1
PR-01435,16.1,66.0,12.0,55.6
PR-01436,16.0,70.1,12.0,58.6
PR-01437,18.0,57.2,12.4,63.1
PR-01438,17.7,60.8,11.6,57.9
PR-01439,12.7,72.8,9.7,54.2
PR-01440,22.0,45.4,13.9,66.4
PR-01441,20.2,54.1,12.9,60.2
PR-01442,14.9,65.1,11.6,57.9
PR-01443,17.7,61.2,11.1,59.8
PR-01444,14.3,72.1,11.1,52.8
PR-01445,15.7,62.1,11.7,57.6
PR-01446,16.9,60.4,12.6,60.3
PR-01447,17.0,58.6,12.0,61.2
PR-01448,19.5,53.2,11.9,60.0
PR-01449,14.7,71.2,10.8,54.9
PR-01450,18.6,52.6,12.7,65.1
PR-01451,18.5,52.8,13.0,60.3
PR-01452,19.7,53.8,12.5,63.3
PR-01453,17.4,65.1,12.2,61.0
PR-01454,16.5,65.3,11.6,59.5
PR-01455,16.9,59.7,12.3,57.8
PR-01456,20.6,52.7,12.0,60.6
PR-01457,18.5,61.1,12.1,63.1
PR-01458,14.2,72.5,11.5,56.4
PR-01459,14.1,69.5,11.4,56.9
PR-01460,19.9,55.1,11.9,60.8
PR-01461,14.3,69.2,10.9,56.9
PR-01462,17.4,63.0,11.8,61.5
PR-01463,16.2,60.4,11.5,58.3
PR-01464,18.2,60.3,12.6,61.4
PR-01465,20.2,55.4,12.6,62.8
PR-01466,18.1,57.3,12.3,59.1
PR-01467,21.0,51.0,12.4,63.4
PR-01468,15.7,63.3,11.2,61.4
PR-01469,19.3,53.1,12.6,62.3
PR-01470,18.0,56.0,12.6,61.5
PR-01471,17.7,58.2,11.7,59.6
PR-01472,14.8,65.6,10.5,57.2
PR-01473,14.5,65.9,10.5,56.0
PR-01474,15.0,67.9,11.3,58.6
PR-01475,19.9,54.5,13.1,63.7
PR-01476,17.4,62.0,11.9,60.2
PR-01477,15.0,71.8,11.3,58.6
PR-01478,14.8,64.9,11.4,57.4
PR-01479,17.5,64.4,12.3,60.2
PR-01480,15.6,64.4,11.4,58.2
PR-01481,17.6,59.0,11.9,59.2
PR-01482,20.0,52.0,12.8,61.7
PR-01483,16.3,58.4,11.9,56.1
PR-01484,16.3,66.5,11.4,57.2
PR-01485,20.6,50.3,11.8,62.8
PR-01486,17.0,64.5,11.3,57.1
PR-01487,17.8,61.8,11.4,60.2
PR-01488,17.6,57.0,12.4,59.1
PR-01489,17.1,62.7,11.8,58.4
PR-01490,15.4,65.0,11.4,58.0
PR-01491,16.2,57.8,11.8,58.6
PR-01492,20.5,50.8,12.9,66.6
PR-01493,14.8,71.3,12.2,55.0
PR-01494,17.8,59.6,12.2,62.3
PR-01495,19.4,54.1,13.5,62.9
PR-01496,15.9,61.0,10.5,57.4
PR-01497,16.5,63.2,11.4,58.5
PR-01498,16.6,60.4,11.6,60.2
PR-01499,16.4,62.6,12.2,59.4
PR-01500,15.3,67.8,11.8,56.8
PR-01501,20.1,56.1,12.0,62.6
PR-01502,18.5,54.7,12.1,62.3
PR-01503,19.1,55.7,12.3,61.4
PR-01504,18.0,60.1,12.6,61.2
PR-01505,14.5,61.1,11.3,57.2
PR-01506,19.2,54.5,12.7,64.1
PR-01507,18.0,61.9,13.3,60.4
PR-01508,16.2,62.2,11.6,56.8
PR-01509,12.1,76.0,10.3,50.8
PR-01510,17.2,59.6,12.4,59.2
PR-01511,16.1,65.5,11.0,58.7
PR-01512,16.7,63.2,11.9,59.7
PR-01513,16.5,57.8,11.4,60.2
PR-01514,16.9,57.4,11.8,59.8
PR-01515,13.1,66.4,11.0,53.3
PR-01516,21.2,51.1,12.3,63.2
PR-01517,13.6,72.1,11.1,57.1
PR-01518,20.3,53.5,12.7,64.4
PR-01519,23.6,37.0,13.5,68.1
PR-01520,18.5,58.5,12.1,61.4
PR-01521,17.0,57.8,11.7,58.8
PR-01522,19.6,58.7,12.3,62.5
PR-01523,15.4,69.6,11.5,56.8
PR-01524,16.5,62.0,10.9,56.0
PR-01525,15.8,67.3,11.8,56.8
PR-01526,18.7,61.0,12.6,61.0
PR-01527,19.4,50.6,12.6,62.5
PR-01528,18.1,55.3,11.6,62.6
PR-01529,16.0,58.6,11.7,59.8
PR-01530,19.3,53.0,12.8,62.4
PR-01531,19.6,58.5,12.3,59.2
PR-01532,16.2,68.5,11.4,57.1
PR-01533,14.7,71.9,10.9,54.3
PR-01534,16.5,64.1,12.2,57.9
PR-01535,15.2,64.5,11.2,54.3
PR-01536,18.8,56.4,12.4,61.3
PR-01537,16.0,55.9,11.6,59.5
PR-01538,19.7,56.0,12.5,62.1
PR-01539,15.5,64.0,12.0,58.1
PR-01540,10.4,80.2,10.6,52.4
PR-01541,18.5,63.2,11.8,60.3
PR-01542,18.6,59.7,12.8,64.5
PR-01543,17.3,58.6,12.2,59.6
PR-01544,14.9,70.4,11.6,56.9
PR-01545,15.8,61.9,12.5,56.5
PR-01546,13.8,72.6,11.3,55.8
PR-01547,17.5,63.1,12.4,61.3
PR-01548,12.8,68.7,11.9,56.5
PR-01549,15.1,67.2,11.1,57.2
PR-01550,14.7,69.6,11.2,55.7
PR-01551,14.2,66.2,11.2,58.4
PR-01552,18.2,59.3,11.8,59.7
PR-01553,14.5,73.2,11.2,57.8
PR-01554,20.7,52.5,12.5,62.8
PR-01555,16.6,63.6,12.5,59.1
PR-01556,17.1,60.6,12.1,59.9
PR-01557,18.9,55.7,12.3,59.8
PR-01558,16.8,66.0,11.8,63.2
PR-01559,18.1,58.6,12.9,60.0
PR-01560,16.7,63.8,11.5,59.3
PR-01561,19.2,42.3,13.3,62.0
PR-01562,19.5,56.1,12.8,60.3
PR-01563,15.0,68.9,11.3,56.8
PR-01564,13.6,71.2,10.9,55.6
PR-01565,17.2,58.2,11.9,61.1
PR-01566,14.8,71.0,10.8,56.7
PR-01567,17.9,64.9,11.6,60.0
PR-01568,13.6,71.4,11.5,54.9
PR-01569,15.9,61.7,11.7,58.3
PR-01570,18.5,57.1,11.5,59.9
PR-01571,18.5,61.3,12.1,59.7
PR-01572,16.3,61.3,10.9,59.8
PR-01573,14.9,71.9,11.0,57.1
PR-01574,15.3,56.5,11.3,57.3
PR-01575,18.2,58.5,12.1,59.2
PR-01576,13.1,75.0,11.3,55.8
PR-01577,19.2,53.4,12.8,65.0
PR-01578,16.8,64.7,12.3,61.2
PR-01579,22.1,44.2,13.9,64.9
PR-01580,17.3,65.3,12.1,58.6
PR-01581,20.6,56.5,13.1,63.8
PR-01582,17.4,59.4,12.3,61.2
PR-01583,20.0,54.8,12.4,62.7
PR-01584,17.0,62.8,12.1,59.9
PR-01585,20.7,48.9,12.7,64.4
PR-01586,17.5,58.2,12.0,58.7
PR-01587,18.7,58.3,12.7,63.0
PR-01588,16.8,64.3,11.0,57.2
PR-01589,15.8,65.4,12.6,56.3
PR-01590,13.2,70.8,11.6,56.2
PR-01591,16.5,60.4,11.7,58.0
PR-01592,19.5,55.4,12.8,63.0
PR-01593,14.9,66.0,11.8,53.0
PR-01594,20.0,53.7,12.3,62.3
PR-01595,18.6,58.8,12.1,59.5
PR-01596,18.6,61.7,12.1,61.0
PR-01597,18.2,58.8,11.9,60.3
PR-01598,14.0,68.7,10.9,55.2
PR-01599,19.1,56.9,11.9,59.6
PR-01600,16.2,63.4,11.7,57.8
PR-01601,16.3,65.4,11.8,58.1
PR-01602,21.3,50.5,12.6,64.9
PR-01603,15.2,66.8,11.2,58.7
PR-01604,16.1,69.6,11.8,53.9
PR-01605,20.1,51.0,13.0,64.9
PR-01606,16.4,66.4,11.9,56.4
PR-01607,16.5,62.8,11.2,58.3
PR-01608,18.4,58.7,12.1,59.5
PR-01609,16.8,58.4,11.6,58.5
PR-01610,15.1,66.3,11.0,57.8
PR-01611,21.6,53.6,13.7,64.7
PR-01612,12.0,70.5,10.7,50.4
PR-01613,17.9,60.6,12.7,58.8
PR-01614,16.5,63.6,12.1,58.0
PR-01615,17.2,64.9,11.5,58.7
PR-01616,17.3,57.5,12.4,60.0
PR-01617,18.1,60.4,12.1,59.1
PR-01618,18.2,56.4,12.8,61.7
PR-01619,19.2,53.4,12.7,60.7
PR-01620,19.8,54.2,12.6,63.4
PR-01621,18.1,58.2,13.0,58.6
PR-01622,18.3,49.9,12.3,61.7
PR-01623,14.0,66.4,11.4,55.8
PR-01624,13.0,70.7,11.5,55.7
PR-01625,19.2,57.9,13.0,62.5
PR-01626,16.5,61.0,11.0,56.3
PR-01627,17.8,52.4,11.8,60.2
PR-01628,17.1,63.6,11.5,59.2
PR-01629,20.4,52.2,13.0,63.7
PR-01630,16.4,59.8,11.7,61.1
PR-01631,16.1,56.5,11.8,58.5
PR-01632,17.3,56.9,12.6,61.0
PR-01633,20.2,53.2,13.1,63.3
PR-01634,15.7,67.6,11.7,57.1
PR-01635,15.8,62.0,12.2,59.7
PR-01636,15.9,69.2,10.8,56.6
PR-01637,15.7,72.3,10.8,57.3
PR-01638,17.8,58.6,12.8,62.1
PR-01639,17.0,58.0,12.6,59.3
PR-01640,13.9,64.5,11.3,53.3
PR-01641,19.4,58.2,11.6,61.0
PR-01642,16.4,64.5,12.3,58.0
PR-01643,18.0,56.6,12.0,60.8
PR-01644,16.1,58.2,12.3,59.2
PR-01645,16.0,63.7,11.9,57.7
PR-01646,16.1,60.4,11.5,60.4
PR-01647,18.4,62.3,11.3,60.8
PR-01648,19.0,55.6,12.7,62.1
PR-01649,15.4,61.7,12.0,55.9
PR-01650,16.5,63.0,11.3,59.0
PR-01651,19.7,54.9,12.7,63.1
PR-01652,19.9,52.3,13.2,64.3
PR-01653,19.8,52.7,12.3,65.3
PR-01654,15.0,61.8,11.1,60.0
PR-01655,13.3,66.2,10.0,52.3
PR-01656,13.5,73.5,10.9,54.9
PR-01657,15.7,59.8,11.8,60.0
PR-01658,19.8,55.6,12.3,62.5
PR-01659,17.5,60.7,11.7,59.7
PR-01660,19.4,48.5,12.1,61.7
PR-01661,16.2,61.9,12.1,57.2
PR-01662,16.7,60.5,11.6,59.2
PR-01663,16.2,59.1,12.1,59.6
PR-01664,14.9,66.8,12.4,53.8
PR-01665,11.9,71.3,10.8,53.6
PR-01666,15.6,60.5,11.4,57.8
PR-01667,16.8,63.0,12.0,60.1
PR-01668,16.3,63.1,11.7,56.1
PR-01669,14.3,74.2,10.9,54.4
PR-01670,19.4,51.0,12.8,60.1
PR-01671,17.6,53.5,12.3,61.4
PR-01672,14.1,70.3,10.9,56.5
PR-01673,16.3,59.4,11.3,59.3
PR-01674,16.9,66.8,10.8,56.8
PR-01675,17.1,57.6,11.8,62.5
PR-01676,17.0,67.9,11.5,60.2
PR-01677,16.6,63.1,11.4,59.4
PR-01678,19.9,53.1,13.3,62.3
PR-01679,14.2,71.8,10.8,56.6
PR-01680,15.2,65.7,11.7,56.3
PR-01681,15.9,58.1,11.5,59.3
PR-01682,13.6,64.7,10.6,57.9
PR-01683,14.7,61.0,10.9,58.6
PR-01684,17.1,66.3,11.2,56.9
PR-01685,19.8,53.0,12.2,62.6
PR-01686,20.3,50.7,12.9,62.6
PR-01687,19.7,60.5,12.3,62.0
PR-01688,14.5,69.9,11.3,56.1
PR-01689,12.2,71.7,10.0,52.5
PR-01690,19.1,59.7,12.0,61.9
PR-01691,15.3,62.3,10.6,55.8
PR-01692,20.1,47.5,12.6,62.3
PR-01693,16.0,65.4,11.9,58.3
PR-01694,19.7,52.9,12.8,63.8
PR-01695,17.6,66.2,11.9,61.4
PR-01696,17.1,60.0,11.8,58.1
PR-01697,20.0,56.9,12.9,64.1
PR-01698,16.1,66.8,11.3,61.3
PR-01699,19.5,58.7,12.2,62.9
PR-01700,16.2,60.5,11.9,58.8
PR-01701,15.2,66.8,10.9,57.3
PR-01702,19.4,60.9,13.0,62.9
PR-01703,17.9,58.3,12.4,61.3
PR-01704,16.5,64.9,11.3,56.5
PR-01705,17.9,62.4,12.6,58.4
PR-01706,19.6,50.3,12.6,61.9
PR-01707,14.2,66.6,11.4,57.5
PR-01708,17.3,60.9,12.1,62.1
PR-01709,19.1,56.8,12.4,63.2
PR-01710,19.2,51.2,11.4,61.0
PR-01711,18.9,59.2,12.0,58.5
PR-01712,18.3,56.2,12.3,62.7
PR-01713,15.1,59.1,12.0,56.2
PR-01714,15.2,61.1,12.0,58.1
PR-01715,14.1,70.9,11.6,57.1
PR-01716,20.4,54.1,12.7,63.2
PR-01717,16.2,64.1,11.6,59.6
PR-01718,12.6,70.7,10.8,53.9
PR-01719,20.5,53.1,12.8,61.6
PR-01720,20.1,50.2,12.6,63.5
PR-01721,16.1,65.2,11.6,56.2
PR-01722,18.7,57.7,12.1,60.5
PR-01723,20.4,53.3,12.7,63.8
PR-01724,20.3,49.5,13.3,61.7
PR-01725,17.0,58.8,11.7,59.9
PR-01726,15.8,65.7,11.6,58.4
PR-01727,18.0,60.2,11.6,60.5
PR-01728,18.3,61.4,12.5,61.4
PR-01729,16.1,60.8,12.2,57.6
PR-01730,20.2,57.6,12.9,62.4
PR-01731,20.3,59.2,12.1,62.0
PR-01732,18.3,57.8,12.7,62.4
PR-01733,19.5,54.7,12.3,62.1
PR-01734,20.7,55.8,12.4,65.0
PR-01735,12.0,77.5,10.0,53.0
PR-01736,17.2,58.4,12.1,62.8
PR-01737,17.9,62.2,11.7,61.6
PR-01738,13.6,67.4,10.3,53.8
PR-01739,19.1,56.3,11.6,60.1
PR-01740,14.4,71.7,11.6,55.1
PR-01741,17.6,58.9,11.9,60.4
PR-01742,19.1,54.4,13.0,59.9
PR-01743,19.3,60.3,12.0,60.0
PR-01744,14.9,69.6,11.7,57.0
PR-01745,15.8,65.5,11.5,58.8
PR-01746,18.6,53.5,12.8,62.5
PR-01747,16.7,61.0,11.5,59.5
PR-01748,17.3,57.8,12.5,60.0
PR-01749,16.7,57.4,12.2,59.3
PR-01750,19.5,53.4,11.9,63.4
PR-01751,25.6,40.0,14.0,69.7
PR-01752,20.7,56.3,12.4,63.3
PR-01753,21.1,52.7,13.7,63.8
PR-01754,18.5,58.4,12.8,63.8
PR-01755,14.8,65.5,11.3,58.5
PR-01756,15.4,65.5,11.3,57.6
PR-01757,19.8,59.1,13.1,61.1
PR-01758,14.1,74.9,10.6,54.8
PR-01759,20.0,53.1,12.7,60.1
PR-01760,17.9,59.3,11.4,60.6
PR-01761,18.4,53.4,12.4,61.4
PR-01762,18.6,59.7,11.4,60.5
PR-01763,15.3,67.3,11.8,57.9
PR-01764,15.4,71.0,11.3,56.0
PR-01765,19.0,51.9,12.2,61.2
PR-01766,21.5,49.7,13.1,66.9
PR-01767,16.0,64.9,11.4,57.4
PR-01768,19.0,56.7,12.5,63.7
PR-01769,13.9,69.5,11.3,53.9
PR-01770,17.9,61.7,12.0,57.6
PR-01771,19.2,55.8,12.6,62.1
PR-01772,17.5,54.9,12.2,59.0
PR-01773,16.9,62.2,11.6,61.6
PR-01774,21.1,51.2,11.5,61.6
PR-01775,15.8,56.8,12.2,58.9
PR-01776,19.5,53.1,12.4,62.0
PR-01777,18.4,62.3,12.3,59.4
PR-01778,15.6,69.9,11.9,60.0
PR-01779,19.0,59.7,11.9,61.1
PR-01780,20.0,55.6,12.3,62.0
PR-01781,21.1,48.5,12.3,66.0
PR-01782,13.0,70.0,10.5,56.1
PR-01783,16.7,64.9,12.5,56.3
PR-01784,18.4,58.8,12.6,60.0
PR-01785,16.9,68.5,11.8,56.8
PR-01786,19.9,59.1,13.4,63.0
PR-01787,15.9,55.8,12.2,60.1
PR-01788,11.9,73.5,10.6,53.8
PR-01789,12.5,75.3,10.1,52.3
PR-01790,15.1,62.2,11.0,56.3
PR-01791,16.9,61.8,12.0,60.2
PR-01792,16.7,58.8,11.3,57.3
PR-01793,16.7,65.4,11.0,56.7
PR-01794,18.7,53.2,13.0,61.0
PR-01795,14.0,70.9,10.8,58.6
PR-01796,18.2,53.9,12.6,60.9
PR-01797,17.5,55.8,12.9,59.8
PR-01798,17.3,56.4,11.5,59.1
PR-01799,14.3,70.0,10.7,56.0
PR-01800,20.4,51.6,13.4,64.8
PR-01801,21.7,49.4,13.1,67.0
PR-01802,18.9,56.8,11.7,63.0
PR-01803,18.1,51.7,12.1,61.8
PR-01804,17.7,58.4,12.1,60.8
PR-01805,12.4,77.4,10.6,53.2
PR-01806,19.1,57.7,12.1,62.2
PR-01807,14.5,66.6,10.7,55.8
PR-01808,16.4,65.3,11.3,57.0
PR-01809,16.1,62.0,12.1,61.1
PR-01810,10.9,80.2,10.1,51.8
PR-01811,18.4,57.3,12.0,62.0
PR-01812,18.4,55.7,12.5,61.5
PR-01813,17.7,60.0,12.1,58.3
PR-01814,19.8,56.1,12.4,62.5
PR-01815,16.1,63.1,12.0,57.6
PR-01816,18.4,52.7,12.4,62.8
PR-01817,16.3,59.9,11.7,59.1
PR-01818,16.6,68.1,11.6,57.3
PR-01819,17.7,59.9,12.3,58.4
PR-01820,14.2,72.4,10.4,54.8
PR-01821,19.2,55.7,12.9,60.4
PR-01822,14.8,68.0,10.8,57.7
PR-01823,19.3,56.1,12.9,62.7
PR-01824,15.4,65.5,11.3,58.9
PR-01825,14.0,63.7,11.9,58.3
PR-01826,15.7,65.4,11.1,58.2
PR-01827,16.7,62.7,11.9,59.1
PR-01828,17.8,59.8,11.7,61.5
PR-01829,22.6,46.0,13.1,69.1
PR-01830,20.4,56.4,12.8,63.5
PR-01831,15.5,68.1,11.7,54.9
PR-01832,12.6,77.7,10.9,54.1
PR-01833,15.5,65.5,11.5,57.3
PR-01834,17.3,60.5,11.6,59.9
PR-01835,18.8,56.8,12.1,63.1
PR-01836,21.6,51.3,12.3,63.9
PR-01837,17.0,58.4,11.8,58.8
PR-01838,13.6,69.6,11.5,55.2
PR-01839,16.8,60.9,12.4,58.5
PR-01840,16.0,66.7,11.2,58.3
PR-01841,20.7,53.0,13.4,65.4
PR-01842,19.0,60.8,11.7,61.9
PR-01843,13.0,74.1,11.8,55.5
PR-01844,17.4,57.3,11.9,60.5
PR-01845,17.8,66.4,12.2,58.6
PR-01846,13.3,71.6,11.0,52.7
PR-01847,11.7,67.7,10.7,54.2
PR-01848,17.7,65.3,12.0,61.9
PR-01849,16.1,65.0,12.3,58.8
PR-01850,19.7,57.9,13.0,62.8
PR-01851,19.1,56.5,12.7,62.6
PR-01852,16.0,58.5,11.0,58.2
PR-01853,18.9,53.3,12.7,59.5
PR-01854,17.9,60.3,11.9,61.0
PR-01855,19.8,58.1,12.0,61.9
PR-01856,19.2,60.3,12.7,62.1
PR-01857,19.6,60.3,11.9,60.8
PR-01858,19.6,51.7,11.7,64.0
PR-01859,18.2,56.8,12.2,58.2
PR-01860,20.0,55.4,12.6,62.6
PR-01861,16.3,58.6,11.4,58.0
PR-01862,18.9,57.9,11.6,61.0
PR-01863,17.4,60.5,12.3,59.4
PR-01864,19.3,55.3,12.3,61.9
PR-01865,23.0,49.8,13.6,64.2
PR-01866,17.5,58.8,12.2,58.8
PR-01867,19.5,54.3,12.8,61.4
PR-01868,18.4,57.3,11.9,62.0
PR-01869,15.9,62.9,12.0,55.0
PR-01870,17.4,58.5,12.0,61.4
PR-01871,14.6,67.1,12.1,56.1
PR-01872,18.3,56.5,11.5,62.3
PR-01873,20.3,59.0,13.0,64.1
PR-01874,13.7,68.4,11.3,53.8
PR-01875,20.6,45.9,13.2,62.7
PR-01876,19.4,53.3,12.6,62.5
PR-01877,14.5,71.6,10.8,55.2
PR-01878,18.0,59.9,12.1,59.4
PR-01879,16.7,71.2,11.8,55.7
PR-01880,17.3,60.5,12.6,60.9
PR-01881,16.7,65.1,11.7,60.5
PR-01882,15.0,67.3,11.1,57.2
PR-01883,15.1,65.5,11.4,57.1
PR-01884,16.9,64.9,11.5,57.9
PR-01885,17.0,62.6,11.3,58.7
PR-01886,21.7,49.4,13.1,66.6
PR-01887,12.7,72.3,10.6,54.2
PR-01888,21.2,51.7,13.5,64.1
PR-01889,16.0,66.3,10.9,57.0
PR-01890,15.1,66.8,11.2,57.9
PR-01891,16.2,62.4,11.5,60.9
PR-01892,15.5,66.2,11.5,59.7
PR-01893,14.4,70.0,10.8,53.3
PR-01894,18.4,60.2,12.4,62.0
PR-01895,21.5,51.2,13.2,64.0
PR-01896,17.8,61.9,11.8,59.4
PR-01897,18.1,55.3,12.6,61.3
PR-01898,13.3,63.6,10.5,55.8
PR-01899,14.8,68.3,11.5,56.6
PR-01900,13.6,68.4,10.8,54.9
PR-01901,16.3,57.0,12.5,58.1
PR-01902,14.2,71.0,11.5,56.9
PR-01903,16.7,63.2,11.9,59.4
PR-01904,17.5,65.1,12.0,58.2
PR-01905,13.4,68.1,11.1,55.8
PR-01906,14.3,76.1,11.7,55.4
PR-01907,17.0,59.4,12.9,62.0
PR-01908,18.6,61.2,11.8,62.3
PR-01909,16.4,65.7,10.6,57.7
PR-01910,13.5,69.7,11.1,56.0
PR-01911,22.0,49.0,13.2,64.8
PR-01912,19.3,56.4,13.0,63.2
PR-01913,15.2,69.1,10.9,56.1
PR-01914,16.9,60.0,12.5,60.3
PR-01915,15.3,60.9,11.9,56.3
PR-01916,16.1,65.4,11.9,56.6
PR-01917,17.1,59.0,12.2,59.7
PR-01918,20.5,53.3,12.9,63.6
PR-01919,16.9,58.4,11.7,58.0
PR-01920,19.6,52.7,12.4,61.7
PR-01921,15.1,64.9,11.3,55.3
PR-01922,16.0,70.4,11.5,56.0
PR-01923,15.4,63.0,11.6,58.3
PR-01924,18.9,56.0,12.0,58.9
PR-01925,20.5,53.5,13.6,64.5
PR-01926,16.9,68.1,11.3,59.4
PR-01927,17.1,60.2,11.7,59.1
PR-01928,13.7,72.2,11.5,53.7
PR-01929,18.7,54.5,12.1,62.0
PR-01930,15.1,69.4,11.5,54.1
PR-01931,14.3,70.5,10.8,57.1
PR-01932,17.1,64.9,12.2,62.5
PR-01933,17.6,58.1,12.1,60.9
PR-01934,18.8,61.6,11.6,60.6
PR-01935,16.1,64.7,11.6,60.6
PR-01936,14.0,72.3,11.2,56.9
PR-01937,16.3,61.5,11.4,57.3
PR-01938,12.5,72.0,10.1,51.2
PR-01939,17.3,61.0,11.3,57.8
PR-01940,16.9,63.8,12.2,61.3
PR-01941,14.0,66.6,10.7,54.9
PR-01942,20.0,49.8,12.6,63.4
PR-01943,17.1,61.1,11.9,60.8
PR-01944,13.4,65.7,11.2,55.3
PR-01945,13.7,67.8,11.1,55.3
PR-01946,15.8,65.8,12.3,61.3
PR-01947,15.9,64.1,11.6,57.6
PR-01948,18.2,60.3,11.9,61.2
PR-01949,16.5,64.0,11.8,60.4
PR-01950,18.5,55.8,12.3,61.1
PR-01951,17.8,57.1,12.9,61.3
PR-01952,19.4,60.2,12.2,64.1
PR-01953,15.8,63.8,11.8,58.7
PR-01954,19.6,57.4,12.8,64.9
PR-01955,13.4,67.4,10.5,55.0
PR-01956,19.4,62.3,12.4,60.1
PR-01957,15.7,69.6,11.3,56.3
PR-01958,13.0,71.1,11.2,54.9
PR-01959,15.4,63.0,11.3,54.3
PR-01960,18.2,48.4,12.3,61.5
PR-01961,21.3,48.1,13.0,63.9
PR-01962,14.9,60.5,11.7,57.7
PR-01963,16.6,59.7,11.9,57.8
PR-01964,15.1,62.1,11.3,58.4
PR-01965,17.7,62.3,11.8,57.4
PR-01966,16.9,61.3,11.6,59.0
PR-01967,16.6,59.8,11.7,60.5
PR-01968,14.7,61.3,11.7,56.9
PR-01969,14.3,69.8,10.8,57.3
PR-01970,18.8,60.3,11.9,60.8
PR-01971,15.2,69.2,11.6,57.4
PR-01972,14.8,63.3,11.4,56.5
PR-01973,19.8,58.2,12.2,63.3
PR-01974,19.9,59.0,12.5,60.1
PR-01975,19.7,54.7,12.4,60.3
PR-01976,17.0,62.4,11.8,58.0
PR-01977,18.8,59.3,12.1,62.6
PR-01978,21.9,46.9,12.7,64.9
PR-01979,16.3,64.4,11.8,59.3
PR-01980,15.4,67.0,11.3,57.3
PR-01981,14.6,64.6,11.1,56.2
PR-01982,18.7,61.2,12.8,63.0
PR-01983,17.8,58.2,12.1,59.3
PR-01984,18.2,60.5,11.6,59.6
PR-01985,17.7,56.5,12.5,62.4
PR-01986,13.0,76.7,11.3,55.5
PR-01987,17.9,56.1,11.7,62.7
PR-01988,17.0,59.7,12.1,61.6
PR-01989,21.2,49.1,12.7,64.9
PR-01990,19.2,56.3,11.9,61.1
PR-01991,16.6,58.3,11.5,58.8
PR-01992,20.7,50.6,12.6,62.6
PR-01993,14.9,60.4,12.0,57.6
PR-01994,17.3,57.1,11.9,59.8
PR-01995,17.1,57.6,12.7,60.5
PR-01996,18.8,54.6,11.8,63.9
PR-01997,15.1,65.0,10.4,56.4
PR-01998,18.8,50.0,12.5,62.8
PR-01999,18.0,53.6,12.5,61.6
PR-02000,17.3,63.8,11.4,56.4
PR-02001,13.1,71.0,11.0,53.5
PR-02002,16.7,61.5,11.6,60.4
PR-02003,19.1,57.8,12.9,62.5
PR-02004,17.6,64.3,11.6,56.5
PR-02005,18.6,54.6,12.6,62.6
PR-02006,18.9,57.9,12.9,63.7
PR-02007,17.8,63.0,12.0,58.5
PR-02008,15.3,75.1,11.5,55.3
PR-02009,15.2,68.2,11.9,58.0
PR-02010,16.3,60.8,11.5,58.9
PR-02011,16.5,62.5,11.0,58.7
PR-02012,18.2,58.8,12.1,60.6
PR-02013,19.9,54.2,12.8,61.9
PR-02014,15.6,65.0,11.2,58.9
PR-02015,13.7,66.4,11.4,55.2
PR-02016,13.6,65.8,11.8,55.2
PR-02017,15.2,65.1,11.0,56.4
PR-02018,17.3,59.3,12.4,60.2
PR-02019,18.0,59.7,12.7,61.1
PR-02020,19.8,55.1,12.5,61.6
PR-02021,16.4,53.9,11.7,61.1
PR-02022,15.4,59.6,11.9,57.3
PR-02023,17.9,62.5,12.4,61.2
PR-02024,16.2,61.0,11.4,59.4
PR-02025,20.8,53.0,12.3,64.9
PR-02026,15.2,65.0,12.2,58.1
PR-02027,15.5,64.0,12.0,55.9
PR-02028,16.5,63.2,11.4,58.3
PR-02029,17.4,60.8,11.6,60.3
PR-02030,14.6,63.1,11.4,55.3
PR-02031,18.7,60.9,12.1,60.5
PR-02032,16.2,59.3,12.9,58.6
PR-02033,17.2,58.5,12.5,61.9
PR-02034,19.3,56.6,12.0,63.1
PR-02035,17.6,61.7,12.4,61.6
PR-02036,18.2,53.2,12.1,60.1
PR-02037,17.9,62.2,11.4,60.0
PR-02038,16.0,62.9,11.2,58.9
PR-02039,18.3,58.4,12.6,61.3
PR-02040,20.8,52.9,12.9,65.1
PR-02041,17.8,56.7,13.0,60.0
PR-02042,16.0,65.6,11.8,58.3
PR-02043,16.7,67.0,11.8,59.0
PR-02044,18.2,59.7,12.4,61.6
PR-02045,18.0,63.9,11.5,60.7
PR-02046,17.2,63.7,12.0,60.8
PR-02047,15.5,68.0,10.7,57.8
PR-02048,21.7,48.8,13.0,62.5
PR-02049,18.3,57.9,11.7,59.1
PR-02050,14.1,65.9,11.0,59.3
PR-02051,19.9,52.2,13.8,65.8
PR-02052,15.3,65.3,11.3,57.6
PR-02053,14.4,72.2,10.7,52.9
PR-02054,16.3,64.2,11.0,57.0
PR-02055,17.9,54.7,11.7,60.2
PR-02056,19.0,59.0,12.4,63.9
PR-02057,15.6,73.6,11.5,56.1
PR-02058,15.6,61.8,12.0,60.0
PR-02059,17.4,57.6,12.4,60.9
PR-02060,17.6,60.9,11.8,59.7
PR-02061,18.6,57.1,11.5,63.4
PR-02062,15.8,71.6,10.7,56.0
PR-02063,17.6,65.4,12.2,61.5
PR-02064,18.9,54.5,12.8,62.7
PR-02065,17.0,60.9,11.8,58.3
PR-02066,17.2,60.3,12.3,60.5
PR-02067,15.4,63.5,11.5,57.5
PR-02068,18.2,60.3,12.0,59.1
PR-02069,17.2,63.2,11.9,56.6
PR-02070,15.2,66.6,11.6,56.7
PR-02071,18.0,56.0,12.2,60.3
PR-02072,22.7,56.2,12.9,66.1
PR-02073,16.4,67.8,12.0,55.9
PR-02074,19.2,61.2,12.5,61.3
PR-02075,15.8,66.1,11.8,57.8
PR-02076,16.4,65.6,10.7,57.5
PR-02077,18.2,58.2,12.1,61.6
PR-02078,20.3,51.7,13.1,64.4
PR-02079,18.6,57.4,12.9,62.9
PR-02080,15.5,57.5,11.4,58.3
PR-02081,15.4,66.4,11.0,57.0
PR-02082,17.8,57.3,11.6,60.3
PR-02083,16.7,61.7,11.6,57.1
PR-02084,14.6,68.9,11.1,55.7
PR-02085,19.6,50.7,12.5,62.0
PR-02086,13.8,69.2,10.8,55.5
PR-02087,18.0,59.1,12.2,61.5
PR-02088,16.4,58.1,11.5,60.1
PR-02089,20.7,54.4,12.8,62.8
PR-02090,15.3,61.3,11.7,57.6
PR-02091,18.9,55.3,11.9,59.9
PR-02092,15.9,63.6,12.0,57.7
PR-02093,21.0,49.1,12.3,62.2
PR-02094,15.9,65.1,11.9,58.2
PR-02095,19.9,50.2,12.7,62.4
PR-02096,14.8,66.8,11.8,54.3
PR-02097,17.2,60.5,11.6,58.8
PR-02098,17.4,61.0,12.0,59.8
PR-02099,19.2,61.3,12.3,59.2
PR-02100,16.0,62.5,11.5,58.1
PR-02101,14.6,63.6,11.1,57.5
PR-02102,18.7,60.1,12.0,60.5
PR-02103,17.5,61.3,12.7,58.0
PR-02104,15.9,67.2,11.0,55.1
PR-02105,16.4,69.6,11.3,58.6
PR-02106,18.2,61.8,12.4,58.8
PR-02107,17.3,63.7,12.1,60.3
PR-02108,17.1,66.0,12.1,57.2
PR-02109,16.2,62.6,12.4,61.5
PR-02110,13.9,67.6,11.2,56.1
PR-02111,17.3,58.8,12.6,58.3
PR-02112,16.3,66.6,11.4,58.8
PR-02113,13.8,68.6,11.0,56.7
PR-02114,20.6,51.3,12.9,67.4
PR-02115,16.9,60.6,12.6,58.3
PR-02116,17.8,56.4,12.4,60.4
PR-02117,15.4,61.7,12.3,57.0
PR-02118,18.5,58.2,12.0,62.0
PR-02119,15.2,67.7,11.8,57.0
PR-02120,19.7,56.3,12.3,62.4
PR-02121,15.6,62.0,11.7,58.6
PR-02122,16.3,64.9,11.4,56.0
PR-02123,15.4,65.8,12.0,59.6
PR-02124,13.1,68.6,10.7,52.6
PR-02125,15.8,67.8,11.5,57.6
PR-02126,16.8,68.0,12.5,58.2
PR-02127,18.1,56.3,12.2,61.0
PR-02128,17.0,57.1,12.4,59.3
PR-02129,16.8,66.5,11.7,56.2
PR-02130,18.1,60.4,11.9,62.2
PR-02131,16.2,65.4,11.4,58.9
PR-02132,16.8,60.0,11.8,59.2
PR-02133,15.2,62.5,11.2,56.4
PR-02134,15.8,55.5,12.3,58.0
PR-02135,17.1,64.5,12.1,60.2
PR-02136,18.2,56.5,12.7,58.4
PR-02137,14.2,65.1,11.0,55.2
PR-02138,16.2,64.2,11.3,54.8
PR-02139,21.5,46.0,13.1,65.9
PR-02140,18.4,59.3,12.5,61.4
PR-02141,17.1,64.1,12.1,57.0
PR-02142,19.5,53.9,12.4,60.4
PR-02143,13.8,68.7,11.2,56.8
PR-02144,18.8,56.2,11.5,61.8
PR-02145,17.5,54.3,11.6,59.1
PR-02146,22.2,51.5,13.6,67.2
PR-02147,18.0,62.4,12.8,61.9
PR-02148,18.6,53.3,12.2,61.3
PR-02149,16.5,56.0,12.0,58.7
PR-02150,19.2,57.2,12.2,63.5
PR-02151,19.3,58.6,12.8,61.1
PR-02152,15.5,68.1,11.2,57.0
PR-02153,14.6,63.1,10.9,58.2
PR-02154,16.7,69.8,11.1,57.7
PR-02155,19.0,54.0,12.5,63.4
PR-02156,17.6,60.2,12.1,62.7
PR-02157,15.0,70.9,11.6,55.6
PR-02158,12.8,71.2,11.1,55.0
PR-02159,17.0,63.7,11.7,60.6
PR-02160,12.1,68.4,9.5,55.7
PR-02161,19.2,56.9,12.4,62.6
PR-02162,17.5,62.2,11.8,59.8
PR-02163,20.1,51.3,12.7,64.2
PR-02164,13.2,71.7,10.5,53.1
PR-02165,17.5,57.4,12.5,60.8
PR-02166,16.7,60.5,12.5,59.6
PR-02167,16.2,60.2,11.9,56.4
PR-02168,16.9,59.6,11.6,58.2
PR-02169,14.7,70.2,11.6,57.0
PR-02170,16.9,63.0,12.2,59.5
PR-02171,15.9,69.4,12.2,59.8
PR-02172,20.1,54.5,12.0,61.4
PR-02173,17.0,62.1,12.1,60.4
PR-02174,15.5,66.2,11.9,58.7
PR-02175,18.5,55.9,12.4,60.7
PR-02176,17.9,58.2,12.0,59.2
PR-02177,15.3,55.9,12.3,58.3
PR-02178,18.0,57.6,11.8,60.1
PR-02179,15.8,73.5,11.3,55.3
PR-02180,17.0,61.4,11.9,59.8
PR-02181,19.7,48.0,13.2,62.2
PR-02182,18.4,57.1,12.2,61.5
PR-02183,13.9,64.1,10.7,55.3
PR-02184,18.6,59.2,11.7,61.7
PR-02185,18.1,58.1,11.5,59.9
PR-02186,21.3,53.7,12.5,66.7
PR-02187,20.0,48.9,12.5,65.4
PR-02188,17.5,66.5,10.9,58.3
PR-02189,16.3,60.3,10.8,55.4
PR-02190,14.3,63.4,10.4,55.6
PR-02191,15.3,71.1,11.1,56.3
PR-02192,19.5,54.9,12.6,60.2
PR-02193,18.8,59.2,13.1,63.0
PR-02194,16.1,66.2,11.6,57.1
PR-02195,22.7,40.5,13.7,67.3
PR-02196,14.6,62.9,11.0,57.6
PR-02197,16.4,60.7,11.8,57.5
PR-02198,19.1,58.3,11.8,61.3
PR-02199,14.3,69.8,11.3,55.0
PR-02200,16.0,64.1,11.2,57.8
PR-02201,14.7,74.0,11.6,55.8
PR-02202,18.7,57.9,12.1,62.4
PR-02203,14.0,68.8,10.9,55.4
PR-02204,17.5,61.6,11.9,58.9
PR-02205,13.5,67.3,11.1,54.4
PR-02206,18.0,60.5,12.4,59.7
PR-02207,14.5,69.8,11.4,57.8
PR-02208,14.6,68.1,11.4,57.4
PR-02209,19.0,53.8,11.7,61.8
PR-02210,15.9,69.2,10.9,56.0
PR-02211,19.0,54.8,11.8,60.0
PR-02212,16.9,58.8,12.4,60.3
PR-02213,18.4,56.3,12.2,60.2
PR-02214,11.1,76.2,10.8,52.2
PR-02215,17.1,66.5,12.6,62.1
PR-02216,20.5,48.9,12.4,64.6
PR-02217,15.5,64.5,11.6,57.9
PR-02218,18.0,54.2,12.1,62.2
PR-02219,12.3,72.3,10.1,53.2
PR-02220,14.5,64.7,11.2,56.7
PR-02221,15.2,63.8,11.5,56.6
PR-02222,19.6,58.5,12.1,62.6
PR-02223,16.9,54.4,11.9,59.4
PR-02224,17.3,61.4,12.4,59.6
PR-02225,16.8,60.6,11.5,60.5
PR-02226,15.3,59.3,11.3,56.7
PR-02227,18.8,60.3,13.0,59.8
PR-02228,20.8,54.3,13.5,64.1
PR-02229,17.4,61.3,11.9,58.1
PR-02230,15.5,68.7,11.7,56.1
PR-02231,19.7,59.2,12.4,60.6
PR-02232,16.3,61.6,12.1,61.3
PR-02233,16.9,58.3,12.1,60.9
PR-02234,17.4,61.2,11.9,59.3
PR-02235,16.9,64.2,11.0,59.2
PR-02236,16.3,64.3,11.5,59.2
PR-02237,20.2,53.5,12.7,64.8
PR-02238,18.8,57.8,12.3,62.3
PR-02239,16.4,57.6,11.4,58.1
PR-02240,15.2,62.0,11.0,58.2
PR-02241,15.8,64.8,11.3,56.8
PR-02242,14.5,72.6,10.6,53.8
PR-02243,12.2,76.0,11.4,55.3
PR-02244,17.4,56.1,12.2,61.3
PR-02245,17.4,57.8,12.3,62.0
PR-02246,13.1,68.8,10.7,56.5
PR-02247,18.7,54.9,12.6,61.4
PR-02248,15.0,60.4,11.4,58.5
PR-02249,17.2,61.8,11.3,58.7
PR-02250,16.1,64.0,12.1,57.2
PR-02251,16.2,65.5,11.1,58.2
PR-02252,18.2,58.2,12.9,63.3
PR-02253,14.4,65.0,11.4,58.0
PR-02254,16.9,58.6,11.2,58.4
PR-02255,13.9,65.9,10.2,56.7
PR-02256,16.0,64.2,11.4,59.5
PR-02257,13.9,70.8,11.2,56.4
PR-02258,14.7,71.2,10.8,57.8
PR-02259,16.2,60.5,11.4,57.2
PR-02260,15.3,66.1,11.0,56.4
PR-02261,16.8,58.0,12.2,57.4
PR-02262,15.9,65.1,12.0,59.8
PR-02263,16.7,63.2,11.4,58.5
PR-02264,15.3,65.8,10.8,58.3
PR-02265,18.3,57.4,12.3,61.9
PR-02266,18.1,54.8,12.7,64.1
PR-02267,17.4,58.6,13.0,59.3
PR-02268,17.8,56.5,11.8,56.4
PR-02269,16.3,62.1,11.6,56.6
PR-02270,16.0,61.7,11.4,56.0
PR-02271,18.4,59.3,11.7,61.5
PR-02272,17.5,60.8,12.7,59.8
PR-02273,18.4,59.7,12.2,59.9
PR-02274,16.2,61.4,11.7,58.5
PR-02275,18.3,64.5,12.2,60.0
PR-02276,19.6,54.1,12.4,61.7
PR-02277,12.2,73.9,11.3,52.6
PR-02278,17.5,59.8,13.0,60.4
PR-02279,17.8,65.2,11.4,59.1
PR-02280,19.3,53.0,12.6,62.6
PR-02281,20.4,52.9,12.4,61.8
PR-02282,21.1,49.8,12.7,62.8
PR-02283,14.0,67.9,10.9,55.1
PR-02284,15.4,62.9,11.2,57.9
PR-02285,14.4,70.7,11.6,54.0
PR-02286,15.5,63.8,11.5,56.6
PR-02287,15.5,59.3,10.9,57.1
PR-02288,15.9,71.9,11.0,53.5
PR-02289,16.3,59.2,11.5,60.9
PR-02290,17.8,59.4,11.8,60.5
PR-02291,14.2,67.3,11.6,54.3
PR-02292,16.0,69.1,11.5,57.4
PR-02293,20.0,54.6,12.2,64.3
PR-02294,12.9,70.9,11.3,54.9
PR-02295,19.5,56.4,12.6,62.0
PR-02296,17.8,62.5,12.0,61.4
PR-02297,17.8,54.9,12.2,60.6
PR-02298,14.6,66.5,11.1,54.9
PR-02299,17.7,64.2,12.1,58.9
PR-02300,16.9,60.4,12.3,60.7
PR-02301,18.7,63.5,12.3,62.1
PR-02302,16.3,61.8,11.5,57.7
PR-02303,13.1,67.2,11.7,56.7
PR-02304,16.9,61.1,12.0,60.9
PR-02305,12.6,73.8,11.2,56.3
PR-02306,19.7,55.0,11.6,60.3
PR-02307,16.7,61.6,12.4,59.7
PR-02308,11.6,76.0,11.3,54.1
PR-02309,14.7,68.3,11.0,57.1
PR-02310,20.2,51.9,12.6,62.4
PR-02311,16.1,61.4,11.5,59.8
PR-02312,13.7,69.1,10.6,55.1
PR-02313,19.0,57.8,12.4,60.6
PR-02314,15.4,60.0,11.1,58.2
PR-02315,14.2,67.3,11.1,57.6
PR-02316,15.6,62.7,11.2,55.6
PR-02317,13.9,78.6,10.7,54.4
PR-02318,18.6,57.2,12.4,62.0
PR-02319,16.8,58.5,11.7,61.4
PR-02320,16.3,64.7,11.7,57.7
PR-02321,18.9,54.5,12.0,60.6
PR-02322,17.2,59.6,11.7,58.9
PR-02323,14.4,63.1,11.5,57.0
PR-02324,16.5,60.9,11.6,57.5
PR-02325,14.7,71.7,11.4,55.4
PR-02326,17.4,55.5,12.6,64.1
PR-02327,13.3,63.4,11.1,55.9
PR-02328,19.0,54.9,12.8,60.9
PR-02329,16.8,58.6,11.3,59.7
PR-02330,19.6,50.7,12.8,63.9
PR-02331,16.2,58.6,12.4,59.7
PR-02332,17.2,62.1,11.4,58.2
PR-02333,16.6,59.9,11.9,59.2
PR-02334,19.6,54.5,12.9,62.2
PR-02335,16.4,63.6,11.5,58.9
PR-02336,18.6,64.0,12.3,61.8
PR-02337,19.1,62.0,11.9,60.8
PR-02338,16.2,61.4,11.5,58.1
PR-02339,17.8,57.8,13.0,60.2
PR-02340,21.8,46.4,11.9,65.6
PR-02341,15.3,67.3,11.8,57.5
PR-02342,19.2,57.1,12.8,61.5
PR-02343,16.1,51.9,11.3,57.9
PR-02344,18.3,55.6,12.4,58.9
PR-02345,16.1,57.0,12.0,58.4
PR-02346,18.0,59.1,12.3,60.1
PR-02347,15.8,59.5,11.7,59.0
PR-02348,18.8,58.6,12.0,62.5
PR-02349,15.0,62.7,11.5,57.3
PR-02350,20.7,52.2,12.6,61.9
PR-02351,16.5,58.3,11.9,59.1
PR-02352,15.0,58.7,10.8,57.2
PR-02353,17.2,60.3,12.1,60.2
PR-02354,16.4,68.2,11.3,58.3
PR-02355,17.4,64.7,12.3,61.3
PR-02356,19.1,52.1,12.4,63.0
PR-02357,17.4,58.5,11.7,58.1
PR-02358,15.7,60.9,11.3,58.5
PR-02359,14.0,68.6,11.5,56.5
PR-02360,16.5,66.1,12.1,57.8
PR-02361,17.7,62.6,12.1,60.1
PR-02362,15.0,70.1,11.0,55.5
PR-02363,16.5,64.5,11.9,57.1
PR-02364,18.1,58.1,11.4,59.0
PR-02365,14.8,64.5,11.1,57.6
PR-02366,17.4,62.1,12.0,59.7
PR-02367,19.6,56.1,12.9,64.0
PR-02368,18.7,57.3,13.2,62.3
PR-02369,21.6,48.7,13.0,66.4
PR-02370,18.4,58.2,12.3,61.4
PR-02371,17.5,60.8,11.4,58.6
PR-02372,15.5,71.3,11.6,56.3
PR-02373,16.6,62.5,11.0,61.7
PR-02374,16.2,55.6,11.9,60.0
PR-02375,18.7,58.4,12.4,60.7
PR-02376,19.7,56.9,12.1,62.4
PR-02377,15.6,65.5,11.3,56.6
PR-02378,19.9,57.2,12.8,60.5
PR-02379,15.2,58.9,11.3,58.2
PR-02380,16.8,59.0,11.4,61.1
PR-02381,18.9,56.1,12.3,59.8
PR-02382,13.8,72.7,10.7,57.0
PR-02383,19.4,58.2,12.4,61.8
PR-02384,17.5,56.4,12.5,62.0
PR-02385,23.8,37.0,13.8,69.1
PR-02386,18.5,57.6,12.3,61.5
PR-02387,16.9,60.8,12.0,57.6
PR-02388,15.5,69.1,11.7,56.6
PR-02389,16.5,63.8,11.1,57.3
PR-02390,19.0,58.8,12.0,64.2
PR-02391,19.0,60.0,12.0,62.6
PR-02392,13.2,70.4,10.5,55.7
PR-02393,15.5,64.0,11.7,60.3
PR-02394,17.7,59.7,11.9,60.3
PR-02395,19.3,54.5,12.6,61.7
PR-02396,17.2,60.5,12.0,59.5
PR-02397,17.1,61.1,12.2,61.9
PR-02398,17.7,58.8,12.5,58.9
PR-02399,17.9,57.6,11.8,62.2
PR-02400,21.7,60.0,13.0,63.7
PR-02401,17.9,63.0,11.5,60.3
PR-02402,20.4,50.3,12.0,60.5
PR-02403,17.4,57.0,12.1,59.7
PR-02404,16.8,62.3,11.7,59.5
PR-02405,21.5,49.7,13.6,66.0
PR-02406,16.0,60.2,11.5,58.0
PR-02407,17.6,56.7,12.1,63.6
PR-02408,17.3,58.8,12.0,58.9
PR-02409,17.8,63.7,12.0,61.1
PR-02410,17.9,54.8,11.8,62.8
PR-02411,16.3,59.7,11.5,59.2
PR-02412,16.9,66.1,11.6,56.5
PR-02413,17.5,62.0,11.7,58.8
PR-02414,18.8,55.1,11.8,62.4
PR-02415,18.1,57.7,11.9,60.2
PR-02416,15.8,65.1,11.0,59.7
PR-02417,18.8,56.6,11.9,63.3
PR-02418,16.1,67.5,12.7,59.6
PR-02419,18.9,52.0,13.3,64.7
PR-02420,19.7,55.2,13.2,62.1
PR-02421,16.0,70.9,10.2,56.5
PR-02422,18.8,52.9,12.8,60.8
PR-02423,17.7,60.3,12.4,62.7
PR-02424,17.8,60.2,12.7,59.1
PR-02425,16.7,58.6,10.9,58.2
PR-02426,17.6,56.2,11.1,59.1
PR-02427,18.2,60.0,12.3,63.0
PR-02428,15.8,67.5,11.8,58.6
PR-02429,18.5,57.7,12.3,59.6
PR-02430,15.4,65.7,11.7,56.7
PR-02431,20.2,51.0,12.8,62.9
PR-02432,18.3,60.5,11.7,60.4
PR-02433,17.7,57.3,12.2,60.2
PR-02434,16.5,67.9,11.8,59.8
PR-02435,18.7,60.1,12.9,60.3
PR-02436,13.2,69.0,10.7,54.5
PR-02437,19.6,53.1,12.6,63.0
PR-02438,20.0,59.9,12.6,62.0
PR-02439,18.7,63.7,12.1,63.0
PR-02440,21.4,52.6,13.5,64.4
PR-02441,19.4,53.7,13.2,64.6
PR-02442,17.0,69.7,11.7,60.2
PR-02443,16.4,63.2,12.4,57.3
PR-02444,15.8,60.3,11.7,57.5
PR-02445,18.1,62.5,11.7,59.0
PR-02446,19.7,53.7,12.5,61.7
PR-02447,15.6,62.0,11.0,58.1
PR-02448,20.3,48.6,12.8,62.7
PR-02449,15.7,65.7,10.9,58.3
PR-02450,18.1,60.2,12.0,61.4
PR-02451,14.8,71.7,10.6,56.9
PR-02452,21.2,52.0,13.5,64.8
PR-02453,16.7,53.6,11.5,61.1
PR-02454,14.1,71.1,11.4,53.4
PR-02455,14.4,61.2,11.1,58.7
PR-02456,14.1,75.4,11.0,55.5
PR-02457,13.6,67.1,10.4,54.9
PR-02458,17.1,60.0,11.8,60.1
PR-02459,16.7,63.6,11.3,55.4
PR-02460,17.4,58.9,12.2,56.4
PR-02461,16.5,59.7,10.9,59.7
PR-02462,16.4,66.2,11.7,57.5
PR-02463,16.0,64.4,11.4,58.2
PR-02464,15.5,63.1,11.1,54.3
PR-02465,18.7,56.8,12.3,61.1
PR-02466,18.8,55.7,11.8,62.0
PR-02467,18.6,51.4,11.9,61.4
PR-02468,16.9,66.3,12.0,55.2
PR-02469,20.6,58.2,13.2,64.3
PR-02470,18.4,57.9,12.3,60.1
PR-02471,18.4,55.2,12.6,60.2
PR-02472,16.2,63.9,11.9,59.5
PR-02473,12.4,76.2,11.0,53.6
PR-02474,14.3,65.3,11.1,54.1
PR-02475,13.1,73.8,10.7,54.4
PR-02476,19.1,54.8,12.5,61.9
PR-02477,14.9,69.4,11.4,55.3
PR-02478,12.7,73.0,10.8,51.2
PR-02479,16.8,72.4,11.4,58.4
PR-02480,14.0,73.3,10.7,53.5
PR-02481,13.8,71.7,10.4,54.2
PR-02482,18.5,54.6,12.2,61.1
PR-02483,19.7,52.8,12.5,62.6
PR-02484,15.5,69.7,11.3,56.9
PR-02485,20.8,49.5,13.0,65.8
PR-02486,18.8,57.2,12.3,61.5
PR-02487,18.3,57.7,11.8,62.5
PR-02488,17.1,61.2,11.6,57.6
PR-02489,17.0,64.1,11.6,58.4
PR-02490,21.7,48.8,13.4,66.2
PR-02491,14.2,71.9,11.2,57.0
PR-02492,14.3,67.8,11.1,55.7
PR-02493,18.5,57.4,12.6,61.9
PR-02494,17.9,61.4,11.9,59.0
PR-02495,15.5,62.3,11.4,56.6
PR-02496,17.2,62.1,12.5,60.9
PR-02497,16.0,58.0,12.3,59.6
PR-02498,15.2,54.6,12.0,60.2
PR-02499,18.5,62.9,12.5,60.2
PR-02500,15.3,64.8,11.8,58.7
PR-02501,18.5,63.8,11.7,62.0
PR-02502,19.5,55.1,12.4,62.4
PR-02503,14.9,65.0,12.1,55.9
PR-02504,14.9,60.6,11.7,57.1
PR-02505,22.3,50.4,12.6,64.8
PR-02506,17.6,64.8,12.1,60.0
PR-02507,17.5,62.3,12.4,60.6
PR-02508,16.8,55.8,12.4,61.2
PR-02509,14.6,72.8,11.4,57.5
PR-02510,17.7,58.9,12.1,60.2
PR-02511,16.6,60.6,11.7,57.7
PR-02512,18.9,54.5,12.4,62.5
PR-02513,19.2,54.2,11.8,61.8
PR-02514,17.6,60.0,12.6,63.1
PR-02515,15.0,63.5,11.1,58.0
PR-02516,15.9,69.6,11.1,59.0
PR-02517,15.6,60.7,11.7,58.3
PR-02518,14.4,68.6,11.1,55.7
PR-02519,16.4,62.6,11.9,56.9
PR-02520,18.9,56.3,11.9,59.3
PR-02521,20.0,52.4,12.7,64.3
PR-02522,17.7,64.8,11.7,59.1
PR-02523,17.2,62.7,11.1,58.6
PR-02524,17.1,65.3,11.9,61.2
PR-02525,17.5,58.2,12.0,62.9
PR-02526,19.0,56.5,11.7,61.6
PR-02527,16.7,58.7,12.3,60.6
PR-02528,15.5,59.1,12.4,59.9
PR-02529,12.6,66.7,10.9,55.1
PR-02530,15.9,61.0,12.0,58.7
PR-02531,14.5,65.7,11.0,58.1
PR-02532,17.7,56.2,11.5,60.6
PR-02533,13.3,68.1,11.2,55.0
PR-02534,20.6,52.2,12.3,62.9
PR-02535,15.9,64.8,12.0,56.2
PR-02536,19.3,58.2,12.7,63.3
PR-02537,16.1,66.8,11.5,56.5
PR-02538,15.9,65.9,12.0,58.1
PR-02539,15.4,63.6,11.9,56.5
PR-02540,14.4,74.5,10.2,55.5
PR-02541,14.6,67.7,11.0,57.8
PR-02542,16.1,63.1,11.9,57.8
PR-02543,21.1,51.8,12.5,64.7
PR-02544,19.8,53.3,12.6,65.0
PR-02545,18.0,63.6,12.8,60.0
PR-02546,16.8,61.0,11.4,56.9
PR-02547,19.5,57.4,12.2,62.7
PR-02548,14.2,66.7,11.1,57.3
PR-02549,16.5,66.1,10.8,56.5
PR-02550,19.8,60.9,12.8,63.2
PR-02551,18.7,62.3,12.1,62.2
PR-02552,18.0,64.0,12.2,59.7
PR-02553,15.8,68.5,12.0,57.3
PR-02554,10.8,76.4,10.1,52.2
PR-02555,16.5,64.9,11.8,58.8
PR-02556,16.5,64.3,12.2,58.7
PR-02557,18.3,65.2,11.4,59.1
PR-02558,16.5,61.7,11.5,58.1
PR-02559,19.2,56.7,12.3,62.7
PR-02560,16.0,66.3,12.3,58.9
PR-02561,18.1,58.8,11.5,59.0
PR-02562,14.2,69.0,10.4,55.0
PR-02563,20.0,55.5,12.5,63.9
PR-02564,17.6,57.8,11.3,60.1
PR-02565,16.1,63.9,11.7,58.0
PR-02566,17.1,57.8,12.1,60.2
PR-02567,19.5,50.1,12.3,63.4
PR-02568,17.0,58.6,11.6,60.0
PR-02569,20.0,46.2,12.6,65.5
PR-02570,20.3,56.8,12.6,65.0
PR-02571,18.7,57.7,12.8,62.8
PR-02572,17.9,57.4,12.3,59.3
PR-02573,16.2,63.6,12.1,59.7
PR-02574,15.6,64.6,11.1,59.0
PR-02575,14.4,62.8,11.2,56.3
PR-02576,18.4,57.7,12.4,60.5
PR-02577,16.6,58.9,11.6,59.8
PR-02578,18.3,56.8,12.1,59.7
PR-02579,18.0,54.3,12.8,59.9
PR-02580,18.7,58.4,12.3,60.3
PR-02581,15.2,59.4,11.8,58.3
PR-02582,17.8,54.0,12.4,58.2
PR-02583,18.2,59.8,12.3,58.8
PR-02584,18.2,62.3,12.1,57.9
PR-02585,19.9,54.1,12.7,63.4
PR-02586,17.3,62.3,12.0,61.8
PR-02587,16.6,64.0,11.7,55.2
PR-02588,17.0,61.4,11.4,59.4
PR-02589,16.7,63.4,11.5,57.1
PR-02590,19.0,57.3,12.1,59.5
PR-02591,14.3,68.2,11.7,55.6
PR-02592,14.0,68.7,11.8,56.4
PR-02593,16.0,69.5,11.1,56.9
PR-02594,17.3,58.5,12.0,58.1
PR-02595,13.9,70.6,11.4,54.2
PR-02596,17.5,54.3,12.2,60.5
PR-02597,16.1,62.0,11.3,56.8
PR-02598,14.0,67.2,11.4,57.6
PR-02599,14.2,66.1,10.8,55.1
PR-02600,19.8,55.5,12.3,62.6
PR-02601,15.3,72.3,11.7,57.6
PR-02602,15.5,64.8,11.4,59.3
PR-02603,16.7,69.1,12.0,57.8
PR-02604,15.3,62.0,11.6,55.2
PR-02605,17.0,61.8,11.4,58.2
PR-02606,18.3,57.4,12.3,62.5
PR-02607,21.3,58.9,13.4,61.2
PR-02608,19.1,50.6,12.3,60.3
PR-02609,15.9,59.8,11.9,57.8
PR-02610,14.9,67.1,11.3,57.6
PR-02611,17.3,65.1,11.2,60.1
PR-02612,13.4,71.6,11.6,55.1
PR-02613,17.4,62.3,11.8,58.5
PR-02614,18.3,55.9,12.7,61.6
PR-02615,17.8,60.6,12.1,60.1
PR-02616,16.0,61.5,11.0,57.2
PR-02617,14.3,73.6,11.0,54.7
PR-02618,15.9,66.0,11.0,58.3
PR-02619,18.0,62.4,12.0,57.0
PR-02620,17.6,52.4,12.2,60.3
PR-02621,15.3,63.1,11.9,60.1
PR-02622,16.0,61.4,11.9,58.5
PR-02623,15.5,70.0,12.0,57.9
PR-02624,17.8,57.9,12.7,61.4
PR-02625,15.5,62.1,11.5,55.3
PR-02626,17.9,62.7,12.2,60.1
PR-02627,16.9,65.5,12.8,60.5
PR-02628,15.3,69.4,11.5,56.3
PR-02629,16.7,62.7,11.6,59.3
PR-02630,19.0,51.6,13.2,62.3
PR-02631,17.9,55.2,12.9,62.1
PR-02632,18.5,55.4,11.9,58.6
PR-02633,16.9,62.8,11.4,55.4
PR-02634,18.8,59.0,13.0,60.1
PR-02635,21.0,47.8,12.3,63.5
PR-02636,16.7,60.8,12.1,58.2
PR-02637,20.1,57.4,11.9,62.5
PR-02638,18.3,60.1,12.5,59.3
PR-02639,13.2,75.0,10.7,54.1
PR-02640,19.6,51.7,12.5,63.9
PR-02641,13.4,70.0,10.4,56.0
PR-02642,19.7,51.4,12.8,61.2
PR-02643,14.7,61.2,12.1,57.3
PR-02644,16.7,57.0,11.7,61.2
PR-02645,21.5,51.0,13.4,64.9
PR-02646,20.7,53.5,12.5,64.7
PR-02647,17.7,55.5,11.6,61.0
PR-02648,20.3,50.7,13.5,61.9
PR-02649,17.3,56.1,11.5,58.7
PR-02650,17.3,67.5,11.6,61.3
PR-02651,16.6,67.4,11.7,56.2
PR-02652,15.6,57.4,11.6,59.5
PR-02653,17.7,60.5,12.4,58.7
PR-02654,17.3,56.5,12.0,59.0
PR-02655,18.1,57.9,12.3,60.7
PR-02656,18.4,54.9,11.7,61.4
PR-02657,14.9,65.0,11.7,56.1
PR-02658,17.2,58.5,11.2,59.3
PR-02659,20.4,54.8,12.9,61.2
PR-02660,18.0,58.9,12.5,59.8
PR-02661,18.6,64.9,11.9,62.2
PR-02662,16.1,63.1,12.0,56.4
PR-02663,18.2,56.1,12.5,61.9
PR-02664,11.6,72.8,10.4,53.7
PR-02665,18.8,56.5,12.3,59.6
PR-02666,20.7,49.0,12.6,64.6
PR-02667,20.7,50.7,11.9,66.0
PR-02668,18.8,54.6,12.2,60.2
PR-02669,23.3,47.8,13.5,65.1
PR-02670,16.4,58.9,11.9,57.5
PR-02671,17.1,64.0,13.0,60.7
PR-02672,17.2,61.6,12.0,61.2
PR-02673,18.5,60.6,11.2,60.3
PR-02674,16.7,63.0,11.8,58.7
PR-02675,19.5,51.4,12.5,62.8
PR-02676,13.3,67.8,11.3,53.2
PR-02677,17.2,58.5,11.9,62.2
PR-02678,17.9,58.1,11.8,61.3
PR-02679,17.8,64.4,12.0,58.8
PR-02680,15.4,65.5,12.0,56.0
PR-02681,17.2,60.6,10.7,58.8
PR-02682,24.3,46.6,13.0,67.0
PR-02683,16.1,64.2,10.8,57.4
PR-02684,17.8,56.3,12.0,62.3
PR-02685,18.8,54.4,12.5,63.5
PR-02686,15.5,63.0,11.2,56.1
PR-02687,18.1,62.4,12.3,60.3
PR-02688,15.6,58.2,11.4,59.0
PR-02689,15.7,66.9,11.3,56.5
PR-02690,19.7,54.5,12.5,63.2
PR-02691,14.9,67.9,11.1,56.3
PR-02692,17.2,58.7,11.7,61.6
PR-02693,14.5,68.2,11.5,57.0
PR-02694,17.4,59.1,12.8,61.6
PR-02695,15.3,62.0,10.9,56.9
PR-02696,15.1,68.6,11.5,57.5
PR-02697,14.3,71.5,11.7,55.6
PR-02698,18.6,47.8,12.7,63.9
PR-02699,16.2,60.7,11.5,57.6
PR-02700,23.2,44.4,13.5,68.1
PR-02701,19.4,57.8,12.5,61.8
PR-02702,14.1,64.4,11.5,54.6
PR-02703,18.9,59.5,12.9,63.8
PR-02704,17.2,60.9,11.8,57.9
PR-02705,16.6,67.2,11.4,60.0
PR-02706,15.1,68.8,11.7,56.5
PR-02707,16.0,59.9,12.0,57.5
PR-02708,16.6,61.1,11.6,57.9
PR-02709,14.2,69.1,11.4,53.7
PR-02710,18.3,59.7,11.9,61.1
PR-02711,18.0,62.6,12.1,60.3
PR-02712,17.8,60.2,12.0,62.4
PR-02713,17.9,57.7,12.6,62.3
PR-02714,14.5,69.7,11.2,54.2
PR-02715,14.6,67.9,11.9,55.7
PR-02716,15.9,63.8,11.3,56.5
PR-02717,16.4,54.4,11.7,58.5
PR-02718,21.4,46.6,13.3,66.1
PR-02719,20.7,51.8,12.6,65.6
PR-02720,19.7,58.3,12.6,61.6
PR-02721,18.1,59.6,12.8,59.4
PR-02722,19.8,56.8,12.2,64.9
PR-02723,13.5,65.8,11.0,54.9
PR-02724,16.9,61.1,11.6,61.0
PR-02725,17.9,57.8,11.7,59.8
PR-02726,15.4,63.8,12.0,58.0
PR-02727,21.0,57.9,12.6,63.5
PR-02728,12.2,68.5,11.0,53.5
PR-02729,12.6,73.4,11.1,55.8
PR-02730,19.6,57.5,12.4,62.1
PR-02731,19.3,58.0,12.9,62.2
PR-02732,20.9,50.5,12.4,65.5
PR-02733,18.7,59.7,11.4,57.6
PR-02734,17.6,60.3,13.0,60.2
PR-02735,17.4,62.5,11.8,59.2
PR-02736,18.6,57.8,11.9,61.3
PR-02737,19.7,56.2,12.5,62.1
PR-02738,19.0,58.1,12.4,60.7
PR-02739,11.5,78.4,10.1,50.8
PR-02740,14.8,69.1,11.7,58.9
PR-02741,16.5,63.3,11.9,60.5
PR-02742,18.5,61.8,13.1,60.0
PR-02743,20.7,56.8,12.7,64.8
PR-02744,15.0,63.0,11.2,56.0
PR-02745,20.4,52.9,12.3,63.4
PR-02746,11.4,75.1,10.6,51.2
PR-02747,15.7,60.0,12.0,59.6
PR-02748,10.7,80.9,10.5,53.0
PR-02749,17.7,58.3,12.8,63.0
PR-02750,13.0,69.6,10.4,55.3
PR-02751,13.6,72.1,10.5,55.1
PR-02752,21.2,51.7,12.9,65.4
PR-02753,21.6,49.2,14.3,65.6
PR-02754,14.3,68.6,11.4,53.7
PR-02755,19.5,58.6,12.1,63.0
PR-02756,16.6,65.6,11.4,56.8
PR-02757,15.0,67.3,11.1,57.6
PR-02758,16.7,59.7,11.3,59.5
PR-02759,19.3,55.3,12.9,65.8
PR-02760,19.3,52.9,13.0,62.6
PR-02761,19.2,53.7,12.1,62.1
PR-02762,19.9,58.8,12.8,60.9
PR-02763,15.6,65.5,11.5,56.9
PR-02764,17.4,59.1,10.9,58.6
PR-02765,18.3,61.5,12.6,60.4
PR-02766,18.5,56.6,12.5,61.2
PR-02767,19.6,54.9,11.9,62.3
PR-02768,14.2,62.7,10.6,56.1
PR-02769,15.9,60.1,12.1,57.6
PR-02770,16.3,60.9,11.6,58.3
PR-02771,16.8,57.8,11.8,60.8
PR-02772,18.7,59.9,12.5,61.5
PR-02773,16.8,62.2,12.0,56.6
PR-02774,18.7,60.1,11.9,63.0
PR-02775,15.4,62.5,12.0,59.3
PR-02776,15.8,66.4,12.3,55.5
PR-02777,18.3,55.6,12.4,58.6
PR-02778,17.7,57.7,11.1,59.3
PR-02779,22.2,51.8,13.6,67.0
PR-02780,20.8,56.1,12.4,61.2
PR-02781,22.0,45.9,13.9,66.6
PR-02782,18.1,55.6,11.8,60.5
PR-02783,21.2,55.6,13.2,62.2
PR-02784,18.1,64.4,11.8,59.5
PR-02785,14.3,70.3,11.6,56.9
PR-02786,17.7,56.8,12.5,59.4
PR-02787,16.6,60.8,12.0,58.8
PR-02788,16.3,60.6,12.2,59.8
PR-02789,20.6,47.4,13.1,65.8
PR-02790,15.7,64.7,11.7,58.6
PR-02791,19.1,57.4,11.7,60.7
PR-02792,19.7,53.6,12.4,61.2
PR-02793,17.1,57.5,11.9,60.3
PR-02794,15.7,67.0,11.0,60.5
PR-02795,15.4,65.7,11.5,56.8
PR-02796,20.7,49.5,13.0,65.7
PR-02797,12.6,68.9,11.3,55.8
PR-02798,20.8,53.9,12.0,61.6
PR-02799,16.6,63.7,12.4,57.6
PR-02800,14.1,62.4,11.5,54.7
PR-02801,18.1,57.9,12.8,62.0
PR-02802,18.8,53.7,12.8,61.4
PR-02803,17.0,60.5,11.8,59.4
PR-02804,17.5,60.7,12.1,59.4
PR-02805,16.8,64.2,12.0,60.2
PR-02806,17.0,59.9,11.6,58.3
PR-02807,18.1,63.0,11.6,59.7
PR-02808,22.6,51.9,13.8,69.8
PR-02809,21.2,50.8,12.8,65.6
PR-02810,18.2,56.7,12.0,63.9
PR-02811,16.9,63.3,11.8,59.8
PR-02812,17.7,61.4,11.4,59.5
PR-02813,18.3,57.1,12.1,60.3
PR-02814,15.3,69.6,11.2,57.3
PR-02815,18.8,61.0,12.3,59.7
PR-02816,18.8,52.6,12.7,64.0
PR-02817,17.8,50.8,12.3,60.7
PR-02818,19.0,55.9,12.4,61.0
PR-02819,16.0,63.2,11.7,59.5
PR-02820,16.6,60.0,11.9,59.1
PR-02821,14.5,69.4,11.2,59.1
PR-02822,16.1,66.9,11.6,59.8
PR-02823,16.8,65.9,11.4,56.2
PR-02824,18.7,53.5,12.9,60.9
PR-02825,15.0,63.5,11.1,55.3
PR-02826,16.6,65.7,11.8,55.9
PR-02827,18.0,61.1,12.1,58.7
PR-02828,17.7,61.2,12.5,57.8
PR-02829,20.1,49.2,13.1,66.6
PR-02830,14.4,72.7,11.3,54.8
PR-02831,18.3,59.1,12.6,60.7
PR-02832,17.6,65.4,11.3,59.5
PR-02833,17.2,61.4,12.3,59.9
PR-02834,18.7,56.9,11.6,62.3
PR-02835,18.9,56.6,12.3,62.9
PR-02836,15.5,66.1,11.4,56.8
PR-02837,16.2,61.6,11.2,59.3
PR-02838,22.1,54.9,12.0,60.9
PR-02839,18.0,63.7,11.8,59.2
PR-02840,17.8,54.3,12.0,61.5
PR-02841,16.8,61.2,11.6,59.2
PR-02842,18.1,56.4,12.7,61.0
PR-02843,17.5,56.6,12.7,57.7
PR-02844,13.8,66.3,10.9,55.9
PR-02845,17.3,59.3,12.0,63.0
PR-02846,17.7,60.4,12.3,60.1
PR-02847,16.4,63.3,11.4,56.5
PR-02848,13.5,65.8,11.1,57.2
PR-02849,20.4,57.4,12.6,63.3
PR-02850,19.9,52.0,12.9,62.0
PR-02851,16.8,60.2,11.7,58.8
PR-02852,18.5,54.0,12.7,59.1
PR-02853,19.4,51.0,11.5,63.3
PR-02854,12.3,75.8,10.6,53.7
PR-02855,15.3,64.6,11.2,59.6
PR-02856,16.6,66.0,12.3,57.1
PR-02857,15.7,60.7,11.8,57.9
PR-02858,14.5,66.4,10.6,55.2
PR-02859,16.7,64.0,11.3,57.1
PR-02860,15.1,66.2,11.5,57.4
PR-02861,18.3,61.2,12.9,63.1
PR-02862,16.8,55.9,11.9,61.0
PR-02863,16.5,60.3,12.5,58.9
PR-02864,16.7,66.2,10.7,58.6
PR-02865,18.8,59.6,12.4,59.5
PR-02866,15.3,64.0,10.6,55.8
PR-02867,18.1,63.8,12.5,60.5
PR-02868,14.9,64.1,11.6,58.6
PR-02869,16.3,61.3,11.7,58.0
PR-02870,16.7,63.8,11.4,57.4
PR-02871,14.6,72.7,11.1,55.9
PR-02872,17.8,61.1,11.7,59.1
PR-02873,16.3,67.5,11.3,58.5
PR-02874,22.1,44.6,13.1,68.2
PR-02875,16.9,65.2,11.1,58.2
PR-02876,21.2,57.1,12.2,63.6
PR-02877,18.7,53.9,11.5,59.4
PR-02878,20.0,56.2,12.2,63.9
PR-02879,12.6,67.8,11.1,57.5
PR-02880,19.3,59.1,12.5,60.6
PR-02881,16.6,59.9,11.6,57.4
PR-02882,17.2,60.5,12.1,59.3
PR-02883,18.2,64.5,12.0,56.0
PR-02884,18.7,57.2,13.2,64.1
PR-02885,20.8,51.7,13.2,64.3
PR-02886,15.1,63.7,11.7,58.1
PR-02887,16.6,63.2,12.0,57.1
PR-02888,16.9,57.5,11.7,59.1
PR-02889,18.7,52.7,12.2,61.3
PR-02890,17.8,65.2,12.4,60.4
PR-02891,16.0,60.3,11.7,55.6
PR-02892,20.6,47.8,11.9,64.0
PR-02893,18.4,56.1,11.6,62.2
PR-02894,16.3,64.3,11.0,58.4
PR-02895,19.6,54.8,12.2,61.4
PR-02896,15.5,66.1,11.2,56.7
PR-02897,15.9,66.8,11.7,56.3
PR-02898,17.4,64.2,11.3,60.3
PR-02899,18.3,54.6,12.0,62.5
PR-02900,19.8,57.5,13.0,63.8
PR-02901,19.8,55.2,12.7,60.8
PR-02902,20.9,53.4,12.7,62.9
PR-02903,13.8,64.3,11.4,56.1
PR-02904,18.0,55.4,12.6,59.9
PR-02905,22.8,50.0,13.1,68.3
PR-02906,16.4,68.7,10.9,58.9
PR-02907,16.4,62.9,12.1,57.3
PR-02908,17.3,61.7,11.7,58.6
PR-02909,21.6,49.4,11.8,68.8
PR-02910,16.8,63.0,12.3,57.0
PR-02911,16.5,61.8,11.7,61.1
PR-02912,14.6,68.8,10.9,55.9
PR-02913,18.4,58.3,12.3,59.1
PR-02914,20.7,50.3,13.5,63.9
PR-02915,15.5,68.5,11.2,57.7
PR-02916,13.9,65.2,11.4,56.4
PR-02917,21.4,45.9,13.4,65.0
PR-02918,18.1,53.8,12.3,61.7
PR-02919,16.7,69.4,11.0,57.1
PR-02920,16.1,64.2,11.9,58.9
PR-02921,16.2,67.0,11.8,59.2
PR-02922,18.2,61.2,12.4,61.9
PR-02923,16.1,64.8,11.8,56.4
PR-02924,18.4,55.6,12.5,61.4
PR-02925,20.5,49.6,14.3,65.8
PR-02926,15.0,62.9,11.9,59.1
PR-02927,18.3,55.1,11.9,59.5
PR-02928,16.8,67.4,11.7,58.5
PR-02929,16.2,68.1,12.0,58.9
PR-02930,15.2,71.3,11.3,57.3
PR-02931,15.9,65.0,11.6,57.0
PR-02932,15.0,70.3,10.9,55.1
PR-02933,16.2,65.9,12.2,57.7
PR-02934,12.2,77.7,11.0,55.2
PR-02935,18.8,56.0,12.9,62.8
PR-02936,18.4,53.9,12.7,61.4
PR-02937,17.3,58.0,12.4,61.5
PR-02938,16.0,61.9,11.9,58.0
PR-02939,16.6,62.2,11.5,60.8
PR-02940,14.5,70.6,11.1,56.3
PR-02941,15.4,68.7,11.6,55.2
PR-02942,10.7,74.4,10.2,50.9
PR-02943,13.6,72.5,11.1,53.5
PR-02944,16.6,58.8,11.6,59.4
PR-02945,15.7,65.6,11.7,56.1
PR-02946,15.7,61.4,12.3,60.3
PR-02947,15.7,64.1,11.3,58.6
PR-02948,16.0,63.2,11.5,58.7
PR-02949,21.2,52.0,13.3,64.6
PR-02950,16.8,59.9,12.9,58.2
PR-02951,16.2,64.3,11.9,60.4
PR-02952,15.2,67.2,11.2,57.7
PR-02953,17.8,57.3,11.6,62.5
PR-02954,15.7,65.0,10.9,58.9
PR-02955,20.9,50.0,12.5,65.2
PR-02956,20.9,59.1,12.7,64.3
PR-02957,17.9,58.3,12.3,59.2
PR-02958,19.5,57.4,13.2,63.6
PR-02959,18.9,52.0,12.0,60.7
PR-02960,18.3,65.3,11.5,59.7
PR-02961,15.3,65.8,11.6,57.0
PR-02962,17.6,62.9,11.8,61.4
PR-02963,13.3,71.1,10.6,55.6
PR-02964,21.0,50.3,12.9,63.6
PR-02965,15.4,66.6,11.2,55.6
PR-02966,18.7,51.1,12.3,63.8
PR-02967,16.8,59.5,12.6,59.2
PR-02968,16.3,60.2,11.5,57.0
PR-02969,18.0,59.0,12.0,61.6
PR-02970,21.7,52.2,12.6,65.0
PR-02971,16.3,68.7,11.6,56.9
PR-02972,17.3,62.7,12.1,59.5
PR-02973,17.9,57.9,11.8,59.7
PR-02974,18.6,57.9,12.6,61.6
PR-02975,18.0,57.4,12.7,62.6
PR-02976,16.7,58.3,12.6,61.2
PR-02977,18.7,55.2,12.2,60.5
PR-02978,14.9,67.7,11.5,56.4
PR-02979,19.6,53.7,12.3,61.6
PR-02980,12.8,69.8,10.6,55.4
PR-02981,12.1,75.5,10.8,51.9
PR-02982,18.5,53.2,12.8,60.8
PR-02983,20.0,54.9,13.1,61.7
PR-02984,17.0,61.0,11.9,58.9
PR-02985,16.5,63.7,11.3,59.9
PR-02986,21.4,54.2,13.0,65.3
PR-02987,14.2,61.8,11.8,57.8
PR-02988,18.9,61.1,11.6,58.1
PR-02989,18.1,56.3,11.7,62.4
PR-02990,16.1,61.9,11.8,58.7
PR-02991,15.1,63.3,11.3,59.6
PR-02992,17.3,61.9,11.9,59.0
PR-02993,17.4,65.0,11.7,59.7
PR-02994,14.4,62.6,10.9,59.6
PR-02995,15.4,62.9,12.0,56.3
PR-02996,17.5,59.3,12.3,59.4
PR-02997,15.8,60.3,12.1,58.8
PR-02998,14.1,71.1,10.8,55.4
PR-02999,19.1,56.6,12.6,62.5
PR-03000,17.6,61.1,12.0,59.6
